{"stat.useItem.minecraft.bow":8,"stat.pickup.iceandfire.fire_dragon_flesh":4,"stat.leaveGame":13,"stat.mineBlock.iceandfire.myrmex_resin_sticky":4,"stat.mineBlock.minecraft.sandstone":67,"stat.craftItem.minecraft.shield":1,"stat.drop.minecraft.feather":3,"stat.killEntity.primitivemobs.skeleton_warrior":3,"stat.pickup.minecraft.rotten_flesh":8,"stat.killEntity.Enderman":1,"stat.pickup.minecraft.brown_mushroom":1,"stat.useItem.minecraft.iron_pickaxe":986,"stat.craftItem.minecraft.wooden_pickaxe":1,"stat.mineBlock.minecraft.brick_block":1,"stat.drop.minecraft.cooked_mutton":85,"stat.pickup.minecraft.double_plant":1,"stat.craftItem.minecraft.bed":1,"stat.mineBlock.minecraft.vine":1,"stat.furnaceInteraction":114,"stat.pickup.minecraft.beef":21,"stat.pickup.mca.rose_gold_ore":4,"stat.pickup.minecraft.potion":1,"stat.useItem.minecraft.flint_and_steel":1,"stat.useItem.minecraft.wheat_seeds":13,"stat.pickup.thaumcraft.crystal_essence":25,"stat.pickup.xlfoodmod.salt":21,"stat.killEntity.Husk":2,"stat.pickup.minecraft.emerald":1,"stat.useItem.minecraft.beef":19,"stat.deaths":27,"stat.pickup.minecraft.egg":18,"stat.pickup.aether_legacy.dart":1,"stat.mineBlock.aether_legacy.aercloud":120,"stat.useItem.aether_legacy.mossy_holystone":4,"stat.useItem.aether_legacy.holy_sword":5,"stat.craftItem.minecraft.iron_pickaxe":3,"stat.drop.minecraft.iron_ingot":1,"stat.drop.minecraft.glass_bottle":3,"stat.mineBlock.minecraft.tallgrass":97,"stat.craftItem.minecraft.cooked_mutton":15,"stat.pickup.minecraft.cooked_mutton":35,"stat.chestOpened":144,"stat.killEntity.phyg":2,"stat.useItem.minecraft.stone":9,"stat.pickup.minecraft.arrow":6,"stat.pickup.minecraft.iron_sword":1,"stat.pickup.minecraft.gold_nugget":136,"stat.drop.minecraft.iron_pickaxe":1,"stat.pickup.zoocraftdiscoveries.seed_mint":5,"stat.killEntity.primitivemobs.filch_lizard":3,"stat.mineBlock.aether_legacy.skyroot_plank":6,"stat.pickup.minecraft.carrot":1,"stat.crouchOneCm":35235,"stat.mineBlock.minecraft.chest":4,"stat.craftItem.minecraft.iron_ingot":115,"stat.craftingTableInteraction":62,"stat.pickup.iceandfire.myrmex_desert_resin":3,"stat.useItem.aether_legacy.holystone":155,"stat.drop.aether_legacy.diamond_gloves":3,"stat.drop.zoocraftdiscoveries.seed_sage":2,"stat.mineBlock.aether_legacy.mossy_holystone":10,"stat.useItem.iceandfire.dragonsteel_fire_sword":30,"stat.useItem.minecraft.reeds":6,"stat.pickup.minecraft.dye":35,"stat.pickup.minecraft.planks":6,"stat.pickup.minecraft.wheat_seeds":27,"stat.mineBlock.aether_legacy.aether_dirt":1,"stat.pickup.aether_legacy.aercloud":90,"stat.mineBlock.minecraft.dirt":53,"stat.pickup.aether_legacy.ambrosium_torch":2,"stat.useItem.minecraft.bread":9,"stat.pickup.minecraft.brewing_stand":1,"stat.drop.minecraft.porkchop":1,"stat.drop.minecraft.rotten_flesh":1,"stat.useItem.minecraft.cobblestone":128,"stat.mineBlock.minecraft.double_plant":3,"stat.mineBlock.thaumcraft.crystal_aer":1,"stat.pickup.zoocraftdiscoveries.seed_dill":1,"stat.pickup.minecraft.iron_pickaxe":1,"stat.mineBlock.thaumcraft.crystal_terra":2,"stat.craftItem.minecraft.gold_ingot":23,"stat.drop.minecraft.sapling":2,"stat.pickup.minecraft.chicken":10,"stat.pickup.iceandfire.myrmex_stinger":2,"stat.craftItem.minecraft.bucket":1,"stat.craftItem.minecraft.planks":116,"stat.useItem.minecraft.iron_sword":186,"stat.itemEnchanted":1,"stat.pickup.minecraft.stone_sword":1,"stat.useItem.minecraft.stonebrick":11,"stat.mineBlock.minecraft.log":33,"stat.craftItem.xlfoodmod.fried_egg":5,"stat.useItem.carryon.entity_item":1,"stat.pickup.iceandfire.dragonbone":39,"stat.useItem.aether_legacy.zanite_pickaxe":7,"stat.craftItem.minecraft.paper":3,"stat.pickup.minecraft.red_flower":4,"stat.pickup.minecraft.wool":18,"stat.craftItem.thaumcraft.plank_greatwood":4,"stat.useItem.minecraft.wooden_axe":37,"stat.pickup.thaumcraft.log_greatwood":1,"stat.mineBlock.thaumcraft.ore_cinnabar":3,"stat.useItem.minecraft.iron_axe":113,"stat.killEntity.zoocraftdiscoveries.hedgehog":1,"stat.mineBlock.minecraft.cobblestone":61,"stat.pickup.aether_legacy.holystone":194,"stat.craftItem.minecraft.wool":2,"stat.mineBlock.minecraft.stained_glass_pane":2,"stat.mineBlock.thaumcraft.ore_amber":5,"stat.drop.minecraft.cobblestone":64,"stat.pickup.minecraft.cooked_porkchop":2,"stat.useItem.minecraft.obsidian":10,"stat.killEntity.sentry":1,"stat.killEntity.swet":1,"stat.useItem.minecraft.stone_slab2":85,"stat.pickup.minecraft.bow":2,"stat.craftItem.minecraft.furnace":4,"stat.pickup.aether_legacy.skyroot_sapling":1,"stat.useItem.minecraft.egg":6,"stat.craftItem.minecraft.iron_boots":1,"stat.entityKilledBy.myrmex_worker":1,"stat.craftItem.minecraft.cooked_beef":2,"stat.mineBlock.minecraft.obsidian":15,"stat.pickup.iceandfire.myrmex_resin":7,"stat.pickup.aether_legacy.aether_dirt":4,"stat.flyOneCm":2167118,"stat.pickup.minecraft.sandstone":42,"stat.pickup.iceandfire.fire_lily":1,"stat.pickup.iceandfire.myrmex_desert_biolight":8,"stat.timeSinceDeath":19591,"stat.drop.minecraft.spider_eye":2,"stat.pickup.travelersbackpack.travelers_backpack":3,"stat.mineBlock.minecraft.enchanting_table":1,"stat.mineBlock.minecraft.coal_ore":89,"stat.killEntity.Creeper":2,"stat.talkedToVillager":110,"stat.pickup.minecraft.string":20,"stat.entityKilledBy.Skeleton":2,"stat.useItem.minecraft.written_book":1,"stat.sprintOneCm":1266923,"stat.useItem.aether_legacy.aercloud":59,"stat.mineBlock.minecraft.stone_slab":1,"stat.craftItem.minecraft.wooden_axe":1,"stat.drop.aether_legacy.iron_gloves":2,"stat.useItem.minecraft.snowball":26,"stat.mineBlock.minecraft.diamond_ore":20,"stat.pickup.mowziesmobs.barakoa_mask_fear":1,"stat.mineBlock.aether_legacy.aether_log":23,"stat.killEntity.Zombie":11,"stat.pickup.minecraft.snowball":28,"stat.craftItem.minecraft.dye":2,"stat.mineBlock.xlfoodmod.rock_salt":8,"stat.craftItem.minecraft.diamond_axe":1,"stat.entityKilledBy.myrmex_royal":1,"stat.mineBlock.minecraft.gold_ore":8,"stat.drop.aether_legacy.regeneration_stone":2,"stat.diveOneCm":63461,"stat.pickup.minecraft.wheat":13,"stat.pickup.zoocraftdiscoveries.seed_tarragon":1,"stat.craftItem.minecraft.cooked_porkchop":7,"stat.drop.aether_legacy.victory_medal":20,"stat.pickup.minecraft.obsidian":15,"stat.pickup.aether_legacy.dungeon_block":9,"stat.craftItem.minecraft.diamond_sword":1,"stat.jump":9723,"stat.useItem.minecraft.sand":1,"stat.pickup.minecraft.coal":213,"stat.pickup.minecraft.iron_ingot":7,"stat.pickup.minecraft.gunpowder":9,"stat.useItem.aether_legacy.white_apple":2,"stat.pickup.thaumcraft.plank_greatwood":3,"stat.pickup.minecraft.dirt":37,"stat.pickup.iceandfire.fire_dragon_heart":2,"stat.pickup.minecraft.gold_ore":8,"stat.mineBlock.minecraft.lapis_ore":5,"stat.pickup.minecraft.cookie":2,"stat.damageTaken":15760,"stat.mineBlock.iceandfire.myrmex_desert_biolight":6,"stat.mineBlock.minecraft.torch":1,"stat.mineBlock.minecraft.red_flower":4,"stat.tradedWithVillager":1,"stat.pickup.zoocraftdiscoveries.seed_saffron":2,"stat.craftItem.aether_legacy.skyroot_plank":72,"stat.useItem.aether_legacy.notch_hammer":24,"stat.pickup.minecraft.bed":8,"stat.entityKilledBy.Zombie":1,"stat.mineBlock.aether_legacy.holystone":215,"stat.craftItem.mca.matchmakers_ring":1,"stat.killEntity.Silverfish":2,"stat.useItem.minecraft.chest":2,"stat.craftItem.aether_legacy.zanite_boots":1,"stat.useItem.minecraft.lava_bucket":39,"stat.pickup.aether_legacy.aechor_petal":1,"stat.pickup.aether_legacy.aether_log":23,"stat.craftItem.minecraft.iron_chestplate":1,"stat.pickup.minecraft.ender_pearl":1,"stat.killEntity.primitivemobs.traveling_merchant":1,"stat.drop.mca.baby_girl":7,"stat.mineBlock.aether_legacy.aether_grass":4,"stat.craftItem.travelersbackpack.sleeping_bag_bottom":1,"stat.killEntity.flying_cow":2,"stat.pickup.aether_legacy.icestone":5,"stat.mineBlock.minecraft.stonebrick":1,"stat.pickup.zoocraftdiscoveries.seed_thyme":1,"stat.mineBlock.minecraft.glowstone":6,"stat.pickup.aether_legacy.zanite_chestplate":1,"stat.mobKills":140,"stat.craftItem.minecraft.shears":1,"stat.pickup.minecraft.diamond":20,"stat.pickup.minecraft.torch":4,"stat.craftItem.thaumcraft.quicksilver":1,"stat.killEntity.firedragon":2,"stat.pickup.aether_legacy.zanite_gemstone":1,"stat.drop.minecraft.mutton":2,"stat.useItem.iceandfire.fire_dragon_flesh":1,"stat.mineBlock.thaumcraft.ore_quartz":3,"stat.craftItem.minecraft.iron_axe":1,"stat.useItem.minecraft.planks":2,"stat.pickup.minecraft.porkchop":19,"stat.useItem.minecraft.water_bucket":70,"stat.mineBlock.thaumcraft.log_greatwood":2,"stat.mineBlock.aether_legacy.dungeon_block":1,"stat.pickup.minecraft.sand":69,"stat.killEntity.primitivemobs.festive_creeper":2,"stat.entityKilledBy.primitivemobs.skeleton_warrior":4,"stat.pickup.aether_legacy.skyroot_plank":18,"stat.pickup.minecraft.wooden_hoe":1,"stat.pickup.mca.engagement_ring":1,"stat.drop.tetra.pristine_diamond":1,"stat.mineBlock.aether_legacy.ambrosium_torch":3,"stat.useItem.minecraft.ender_pearl":1,"stat.entityKilledBy.firedragon":5,"stat.pickup.zoocraftdiscoveries.seed_oregano":1,"stat.pickup.mowziesmobs.barakoa_mask_misery":1,"stat.mineBlock.minecraft.sand":61,"stat.pickup.iceandfire.ash":3,"stat.craftItem.iceandfire.dragon_stick":1,"stat.pickup.iceandfire.dragon_skull":13,"stat.useItem.minecraft.cooked_mutton":93,"stat.pickup.minecraft.furnace":13,"stat.mineBlock.aether_legacy.aether_leaves":9,"stat.craftItem.travelersbackpack.travelers_backpack":1,"stat.mineBlock.thaumcraft.cinderpearl":1,"stat.mineBlock.iceandfire.ash":3,"stat.useItem.aether_legacy.skyroot_plank":40,"stat.craftItem.aether_legacy.skyroot_bed_item":4,"stat.mineBlock.iceandfire.chared_gravel":1,"stat.playOneMinute":525762,"stat.pickup.minecraft.blaze_rod":2,"stat.drop.minecraft.string":4,"stat.pickup.aether_legacy.regeneration_stone":1,"stat.drop.aether_legacy.dungeon_block":9,"stat.pickup.iceandfire.myrmex_desert_chitin":3,"stat.craftItem.mca.engagement_ring":1,"stat.craftItem.iceandfire.armor_red_helmet":1,"stat.pickup.thaumcraft.sapling_greatwood":3,"stat.mineBlock.iceandfire.fire_lily":1,"stat.drop.iceandfire.dragonsteel_fire_sword":1,"stat.fallOneCm":243040,"stat.drop.minecraft.stone":7,"stat.craftItem.minecraft.chest":3,"stat.pickup.minecraft.golden_leggings":1,"stat.pickup.minecraft.melon":4,"stat.craftItem.iceandfire.armor_gray_leggings":1,"stat.mineBlock.aether_legacy.icestone":5,"stat.pickup.minecraft.feather":12,"stat.drop.minecraft.bone":1,"stat.useItem.minecraft.furnace":10,"stat.pickup.iceandfire.dragonscales_red":22,"stat.drop.iceandfire.bestiary":1,"stat.useItem.minecraft.stone_pickaxe":131,"stat.craftItem.minecraft.iron_leggings":1,"stat.pickup.iceandfire.dragon_stick":1,"stat.useItem.minecraft.stone_sword":3,"stat.drop.iceandfire.dragon_stick":2,"stat.mineBlock.minecraft.monster_egg":2,"stat.pickup.minecraft.record_11":1,"stat.mineBlock.iceandfire.myrmex_resin":5,"stat.useItem.minecraft.torch":48,"stat.pickup.minecraft.golden_apple":2,"stat.pickup.minecraft.crafting_table":8,"stat.useItem.minecraft.log":1,"stat.craftItem.minecraft.crafting_table":3,"stat.mineBlock.minecraft.emerald_ore":1,"stat.pickup.minecraft.log":31,"stat.pickup.mca.baby_boy":1,"stat.pickup.minecraft.sapling":3,"stat.pickup.aether_legacy.dungeon_key":1,"stat.pickup.iceandfire.dragonscales_gray":39,"stat.mineBlock.iceandfire.goldpile":23,"stat.useItem.aether_legacy.lightning_sword":57,"stat.pickup.aether_legacy.zanite_boots":1,"stat.pickup.minecraft.golden_sword":1,"stat.craftItem.minecraft.cooked_chicken":11,"stat.sneakTime":12523,"stat.pickup.thaumcraft.amber":6,"stat.pickup.minecraft.stone_slab":1,"stat.pickup.minecraft.chest":4,"stat.craftItem.minecraft.enchanting_table":1,"stat.pickup.minecraft.bone":12,"stat.useItem.xlfoodmod.fried_egg":4,"stat.drop.zoocraftdiscoveries.seed_mint":2,"stat.useItem.minecraft.diamond_sword":272,"stat.drop.aether_legacy.holystone":7,"stat.swimOneCm":93432,"stat.climbOneCm":26402,"stat.killEntity.mimic":2,"stat.useItem.minecraft.dirt":1,"stat.pickup.aether_legacy.iron_gloves":1,"stat.pickup.minecraft.enchanting_table":1,"stat.craftItem.minecraft.stone_pickaxe":1,"stat.pickup.minecraft.cobblestone":1056,"stat.pickup.aether_legacy.mossy_holystone":9,"stat.drop.minecraft.wheat_seeds":4,"stat.useItem.minecraft.cooked_beef":11,"stat.pickup.minecraft.cactus":3,"stat.drop.minecraft.clay_ball":3,"stat.mineBlock.minecraft.iron_ore":117,"stat.craftItem.minecraft.book":1,"stat.pickup.minecraft.mutton":29,"stat.killEntity.zoocraftdiscoveries.capybara":2,"stat.useItem.iceandfire.ash":2,"stat.pickup.minecraft.stonebrick":2,"stat.craftItem.aether_legacy.iron_gloves":1,"stat.mineBlock.thaumcraft.plank_greatwood":3,"stat.useItem.minecraft.cooked_porkchop":6,"stat.pickup.tetra.pristine_diamond":1,"stat.pickup.aether_legacy.swetty_ball":1,"stat.craftItem.iceandfire.armor_red_chestplate":1,"stat.craftItem.minecraft.stone_slab2":0,"stat.entityKilledBy.myrmex_soldier":5,"stat.drop.zoocraftdiscoveries.seed_dill":1,"stat.pickup.aether_legacy.diamond_gloves":3,"stat.craftItem.minecraft.stick":40,"stat.drop.minecraft.potion":1,"stat.killEntity.myrmex_soldier":1,"stat.mineBlock.minecraft.crafting_table":8,"stat.useItem.minecraft.diamond_pickaxe":922,"stat.useItem.minecraft.carrot":1,"stat.mineBlock.minecraft.planks":5,"stat.drop":87,"stat.mineBlock.thaumcraft.crystal_aqua":3,"stat.mineBlock.aether_legacy.zanite_ore":1,"stat.killEntity.Sheep":18,"stat.pickup.zoocraftdiscoveries.seed_sage":3,"stat.killEntity.aechor_plant":1,"stat.craftItem.minecraft.diamond_pickaxe":2,"stat.killEntity.primitivemobs.treasure_slime":1,"stat.pickup.zoocraftdiscoveries.seed_parsley":1,"stat.killEntity.primitivemobs.haunted_tool":1,"stat.pickup.thaumcraft.curio":1,"stat.useItem.minecraft.glass_bottle":1,"stat.useItem.minecraft.diamond_axe":175,"stat.useItem.minecraft.porkchop":7,"stat.useItem.minecraft.potion":4,"stat.craftItem.travelersbackpack.backpack_tank":2,"stat.craftItem.minecraft.bread":4,"stat.pickup.minecraft.spider_eye":3,"stat.entityKilledBy.primitivemobs.mother_spider":1,"stat.craftItem.minecraft.iron_helmet":1,"stat.pickup.thaumcraft.cinderpearl":1,"stat.useItem.minecraft.cooked_chicken":12,"stat.pickup.minecraft.iron_ore":114,"stat.mineBlock.mca.rose_gold_ore":4,"stat.craftItem.minecraft.flint_and_steel":1,"stat.pickup.mca.staff_of_life":1,"stat.pickup.minecraft.leather":7,"stat.mineBlock.minecraft.furnace":13,"stat.useItem.minecraft.wooden_pickaxe":58,"stat.drop.aether_legacy.sentry_boots":1,"stat.craftItem.aether_legacy.zanite_chestplate":1,"stat.pickup.minecraft.reeds":15,"stat.killEntity.CaveSpider":3,"stat.damageDealt":30449,"stat.craftItem.minecraft.glass":9,"stat.killEntity.zephyr":2,"stat.sleepInBed":13,"stat.killEntity.Cow":11,"stat.useItem.minecraft.crafting_table":2,"stat.pickup.aether_legacy.victory_medal":13,"stat.killEntity.Pig":7,"stat.craftItem.minecraft.iron_sword":2,"stat.walkOneCm":868572,"stat.playerKills":1,"stat.pickup.minecraft.stick":1,"stat.pickup.minecraft.clay_ball":6,"stat.craftItem.aether_legacy.cold_parachute":1,"stat.drop.aether_legacy.holy_sword":1,"stat.pickup.minecraft.stone":179,"stat.pickup.zoocraftdiscoveries.seed_coriander":1,"stat.mineBlock.thaumcraft.crystal_ignis":1,"stat.useItem.minecraft.cactus":2,"stat.pickup.minecraft.gold_ingot":2,"stat.killEntity.Skeleton":4,"stat.pickup.thaumcraft.ore_cinnabar":1,"stat.killEntity.Chicken":10,"stat.craftItem.aether_legacy.diamond_gloves":1,"stat.killEntity.Spider":1,"stat.craftItem.iceandfire.armor_red_boots":1,"stat.useItem.thaumcraft.curio":1,"stat.pickup.minecraft.quartz":3,"stat.pickup.mowziesmobs.barakoa_mask_bliss":1,"stat.useItem.minecraft.golden_apple":1,"stat.pickup.minecraft.water_bucket":1,"stat.mineBlock.minecraft.leaves":10,"stat.mineBlock.minecraft.stone":1181,"stat.useItem.minecraft.sandstone":34}