{"stat.useItem.minecraft.bow":122,"stat.craftItem.iceandfire.armor_bronze_chestplate":1,"stat.pickup.iceandfire.fire_dragon_flesh":8,"stat.drop.aether_legacy.invisibility_cape":2,"stat.leaveGame":16,"stat.mineBlock.iceandfire.myrmex_resin_sticky":4,"stat.killEntity.primitivemobs.blazing_juggernaut":1,"stat.mineBlock.minecraft.sandstone":101,"stat.craftItem.minecraft.ender_eye":1,"stat.craftItem.minecraft.shield":2,"stat.mineBlock.minecraft.web":7,"stat.drop.minecraft.feather":3,"stat.killEntity.primitivemobs.skeleton_warrior":15,"stat.pickup.minecraft.rotten_flesh":20,"stat.pickup.minecraft.brick_block":1,"stat.pickup.iceandfire.chared_cobblestone":3,"stat.pickup.minecraft.bucket":1,"stat.killEntity.Enderman":3,"stat.pickup.minecraft.brown_mushroom":1,"stat.killEntity.Witch":1,"stat.useItem.minecraft.iron_pickaxe":986,"stat.pickup.minecraft.stained_hardened_clay":1,"stat.craftItem.minecraft.wooden_pickaxe":1,"stat.mineBlock.minecraft.brick_block":1,"stat.drop.minecraft.cooked_mutton":85,"stat.pickup.minecraft.double_plant":3,"stat.craftItem.minecraft.bed":1,"stat.pickup.aether_legacy.golden_ring":2,"stat.mineBlock.minecraft.vine":1,"stat.mineBlock.minecraft.hopper":1,"stat.furnaceInteraction":126,"stat.pickup.minecraft.nether_brick":5,"stat.killEntity.primitivemobs.trollager":2,"stat.pickup.minecraft.beef":25,"stat.pickup.iceandfire.cyclops_skull":1,"stat.mineBlock.minecraft.stained_hardened_clay":4,"stat.pickup.mca.rose_gold_ore":4,"stat.pickup.minecraft.potion":2,"stat.useItem.minecraft.flint_and_steel":1,"stat.pickup.mowziesmobs.barakoa_mask_rage":1,"stat.useItem.minecraft.wheat_seeds":109,"stat.pickup.thaumcraft.crystal_essence":25,"stat.pickup.xlfoodmod.salt":21,"stat.killEntity.Husk":6,"stat.pickup.minecraft.emerald":2,"stat.useItem.minecraft.beef":19,"stat.deaths":41,"stat.pickup.minecraft.bowl":1,"stat.pickup.mowziesmobs.barakoa_mask_fury":1,"stat.pickup.minecraft.egg":20,"stat.pickup.aether_legacy.dart":1,"stat.mineBlock.aether_legacy.aercloud":120,"stat.useItem.aether_legacy.mossy_holystone":4,"stat.useItem.aether_legacy.holy_sword":5,"stat.craftItem.minecraft.iron_pickaxe":3,"stat.drop.minecraft.iron_ingot":1,"stat.drop.minecraft.glass_bottle":7,"stat.mineBlock.minecraft.tallgrass":148,"stat.craftItem.minecraft.cooked_mutton":15,"stat.pickup.minecraft.cooked_mutton":35,"stat.chestOpened":255,"stat.killEntity.phyg":2,"stat.killEntity.primitivemobs.brain_slime":2,"stat.useItem.minecraft.stone":14,"stat.pickup.xlfoodmod.cheeseburger":128,"stat.pickup.minecraft.arrow":55,"stat.pickup.minecraft.iron_sword":4,"stat.pickup.minecraft.gold_nugget":504,"stat.drop.minecraft.iron_pickaxe":1,"stat.pickup.zoocraftdiscoveries.seed_mint":5,"stat.killEntity.primitivemobs.filch_lizard":4,"stat.mineBlock.aether_legacy.skyroot_plank":6,"stat.pickup.minecraft.carrot":33,"stat.crouchOneCm":37771,"stat.mineBlock.minecraft.chest":4,"stat.craftItem.minecraft.iron_ingot":132,"stat.craftingTableInteraction":68,"stat.pickup.iceandfire.myrmex_desert_resin":3,"stat.useItem.aether_legacy.holystone":155,"stat.drop.aether_legacy.diamond_gloves":6,"stat.drop.zoocraftdiscoveries.seed_sage":2,"stat.mineBlock.aether_legacy.mossy_holystone":10,"stat.useItem.iceandfire.dragonsteel_fire_sword":324,"stat.useItem.minecraft.reeds":6,"stat.pickup.minecraft.dye":35,"stat.pickup.minecraft.planks":22,"stat.pickup.minecraft.wheat_seeds":211,"stat.mineBlock.aether_legacy.aether_dirt":1,"stat.pickup.aether_legacy.aercloud":90,"stat.pickup.iceandfire.cyclops_eye":1,"stat.pickup.iceandfire.deathworm_gauntlet_red":1,"stat.pickup.aether_legacy.zanite_leggings":1,"stat.mineBlock.xlfoodmod.grass":1,"stat.mineBlock.minecraft.dirt":64,"stat.pickup.aether_legacy.ambrosium_torch":2,"stat.useItem.minecraft.bread":31,"stat.pickup.minecraft.brewing_stand":1,"stat.drop.minecraft.porkchop":2,"stat.drop.minecraft.rotten_flesh":1,"stat.useItem.minecraft.cobblestone":138,"stat.mineBlock.minecraft.double_plant":3,"stat.mineBlock.thaumcraft.crystal_aer":1,"stat.pickup.zoocraftdiscoveries.seed_dill":3,"stat.pickup.minecraft.iron_pickaxe":2,"stat.mineBlock.thaumcraft.crystal_terra":2,"stat.craftItem.minecraft.gold_ingot":63,"stat.drop.minecraft.sapling":3,"stat.pickup.minecraft.hopper":1,"stat.pickup.iceandfire.dragonsteel_fire_leggings":1,"stat.pickup.minecraft.chicken":12,"stat.drop.minecraft.gold_nugget":14,"stat.drop.aether_legacy.golden_ring":3,"stat.pickup.iceandfire.myrmex_stinger":2,"stat.craftItem.minecraft.bucket":1,"stat.craftItem.minecraft.planks":116,"stat.useItem.minecraft.iron_sword":186,"stat.itemEnchanted":5,"stat.pickup.iceandfire.dragonscales_green":1,"stat.pickup.minecraft.stone_sword":1,"stat.useItem.minecraft.stonebrick":14,"stat.drop.thaumcraft.crystal_essence":4,"stat.mineBlock.minecraft.log":33,"stat.craftItem.xlfoodmod.fried_egg":5,"stat.useItem.carryon.entity_item":3,"stat.pickup.iceandfire.dragonbone":59,"stat.useItem.aether_legacy.zanite_pickaxe":7,"stat.craftItem.minecraft.paper":3,"stat.pickup.minecraft.red_flower":4,"stat.pickup.minecraft.wool":22,"stat.killEntity.siren":3,"stat.craftItem.thaumcraft.plank_greatwood":4,"stat.useItem.minecraft.wooden_axe":37,"stat.craftItem.iceandfire.armor_bronze_boots":1,"stat.pickup.thaumcraft.log_greatwood":1,"stat.mineBlock.thaumcraft.ore_cinnabar":3,"stat.useItem.minecraft.iron_axe":113,"stat.killEntity.zoocraftdiscoveries.hedgehog":1,"stat.mineBlock.minecraft.cobblestone":69,"stat.killEntity.gorgon":2,"stat.mineBlock.iceandfire.chared_stone":5,"stat.pickup.aether_legacy.holystone":194,"stat.entityKilledBy.Witch":1,"stat.craftItem.minecraft.wool":2,"stat.mineBlock.minecraft.stained_glass_pane":2,"stat.mineBlock.thaumcraft.ore_amber":5,"stat.drop.minecraft.cobblestone":64,"stat.pickup.minecraft.cooked_porkchop":2,"stat.useItem.minecraft.obsidian":10,"stat.killEntity.sentry":1,"stat.killEntity.swet":1,"stat.useItem.minecraft.stone_slab2":122,"stat.pickup.minecraft.bow":2,"stat.killEntity.deathworm":1,"stat.craftItem.minecraft.furnace":4,"stat.pickup.aether_legacy.skyroot_sapling":1,"stat.useItem.minecraft.egg":6,"stat.craftItem.minecraft.iron_boots":1,"stat.entityKilledBy.myrmex_worker":1,"stat.craftItem.minecraft.cooked_beef":66,"stat.mineBlock.minecraft.obsidian":15,"stat.killEntity.Firebat":1,"stat.pickup.iceandfire.myrmex_resin":7,"stat.pickup.aether_legacy.aether_dirt":4,"stat.flyOneCm":3450101,"stat.drop.minecraft.iron_helmet":1,"stat.pickup.minecraft.sandstone":64,"stat.pickup.iceandfire.dragonsteel_fire_chestplate":2,"stat.pickup.iceandfire.fire_lily":1,"stat.pickup.iceandfire.myrmex_desert_biolight":8,"stat.timeSinceDeath":26934,"stat.drop.minecraft.spider_eye":2,"stat.pickup.travelersbackpack.travelers_backpack":13,"stat.useItem.minecraft.potato":7,"stat.mineBlock.minecraft.enchanting_table":1,"stat.pickup.aether_legacy.valkyrie_cape":2,"stat.mineBlock.minecraft.coal_ore":94,"stat.killEntity.Creeper":3,"stat.pickup.minecraft.shield":1,"stat.talkedToVillager":157,"stat.pickup.minecraft.string":39,"stat.entityKilledBy.Skeleton":2,"stat.useItem.minecraft.written_book":1,"stat.sprintOneCm":2006134,"stat.useItem.aether_legacy.aercloud":59,"stat.mineBlock.minecraft.stone_slab":4,"stat.craftItem.minecraft.wooden_axe":1,"stat.drop.aether_legacy.iron_gloves":2,"stat.useItem.minecraft.snowball":26,"stat.mineBlock.minecraft.diamond_ore":20,"stat.pickup.mowziesmobs.barakoa_mask_fear":1,"stat.craftItem.iceandfire.armor_gray_helmet":2,"stat.mineBlock.aether_legacy.aether_log":23,"stat.killEntity.Zombie":21,"stat.pickup.minecraft.snowball":28,"stat.craftItem.minecraft.dye":2,"stat.mineBlock.xlfoodmod.rock_salt":8,"stat.craftItem.minecraft.diamond_axe":1,"stat.entityKilledBy.myrmex_royal":1,"stat.mineBlock.minecraft.gold_ore":8,"stat.drop.aether_legacy.regeneration_stone":4,"stat.diveOneCm":206563,"stat.pickup.minecraft.wheat":105,"stat.mineBlock.minecraft.mossy_cobblestone":1,"stat.pickup.zoocraftdiscoveries.seed_tarragon":1,"stat.craftItem.minecraft.cooked_porkchop":7,"stat.useItem.minecraft.chicken":1,"stat.drop.aether_legacy.victory_medal":20,"stat.pickup.minecraft.obsidian":16,"stat.pickup.aether_legacy.dungeon_block":9,"stat.craftItem.minecraft.diamond_sword":1,"stat.drop.minecraft.sandstone":4,"stat.jump":14469,"stat.useItem.minecraft.sand":10,"stat.pickup.minecraft.coal":222,"stat.pickup.minecraft.iron_ingot":7,"stat.pickup.minecraft.gunpowder":23,"stat.useItem.aether_legacy.white_apple":2,"stat.pickup.iceandfire.chared_stone":8,"stat.pickup.thaumcraft.plank_greatwood":3,"stat.pickup.minecraft.dirt":55,"stat.craftItem.iceandfire.armor_bronze_leggings":1,"stat.pickup.iceandfire.fire_dragon_heart":3,"stat.pickup.minecraft.gold_ore":8,"stat.mineBlock.minecraft.lapis_ore":5,"stat.pickup.minecraft.cookie":7,"stat.pickup.minecraft.iron_axe":1,"stat.mineBlock.minecraft.glass_pane":2,"stat.brewingstandInteraction":2,"stat.damageTaken":-2147458960,"stat.mineBlock.iceandfire.myrmex_desert_biolight":6,"stat.mineBlock.minecraft.torch":2,"stat.mineBlock.minecraft.red_flower":4,"stat.tradedWithVillager":1,"stat.pickup.minecraft.ender_eye":1,"stat.pickup.zoocraftdiscoveries.seed_saffron":3,"stat.craftItem.aether_legacy.skyroot_plank":72,"stat.useItem.aether_legacy.notch_hammer":29,"stat.pickup.minecraft.bed":11,"stat.killEntity.hippogryph":3,"stat.pickup.minecraft.potato":23,"stat.entityKilledBy.Zombie":3,"stat.mineBlock.aether_legacy.holystone":215,"stat.pickup.iceandfire.chared_grass":1,"stat.craftItem.mca.matchmakers_ring":1,"stat.killEntity.Silverfish":2,"stat.useItem.minecraft.chest":2,"stat.craftItem.aether_legacy.zanite_boots":1,"stat.pickup.iceandfire.dragonsteel_fire_boots":2,"stat.pickup.minecraft.diamond_pickaxe":2,"stat.pickup.iceandfire.armor_gray_chestplate":2,"stat.useItem.minecraft.lava_bucket":39,"stat.pickup.aether_legacy.aechor_petal":1,"stat.pickup.aether_legacy.aether_log":23,"stat.shulkerBoxOpened":9,"stat.craftItem.minecraft.iron_chestplate":1,"stat.pickup.minecraft.ender_pearl":3,"stat.killEntity.primitivemobs.traveling_merchant":2,"stat.drop.mca.baby_girl":7,"stat.pickup.minecraft.cooked_beef":52,"stat.mineBlock.aether_legacy.aether_grass":4,"stat.craftItem.travelersbackpack.sleeping_bag_bottom":1,"stat.killEntity.flying_cow":2,"stat.drop.minecraft.nether_brick":5,"stat.pickup.aether_legacy.icestone":5,"stat.mineBlock.minecraft.stonebrick":6,"stat.pickup.zoocraftdiscoveries.seed_thyme":1,"stat.mineBlock.minecraft.glowstone":6,"stat.pickup.aether_legacy.zanite_chestplate":2,"stat.mobKills":267,"stat.pickup.minecraft.diamond_boots":1,"stat.craftItem.minecraft.shears":1,"stat.pickup.iceandfire.gorgon_head":2,"stat.useItem.minecraft.boat":1,"stat.pickup.minecraft.diamond":20,"stat.pickup.iceandfire.armor_gray_helmet":1,"stat.pickup.minecraft.beetroot_seeds":1,"stat.pickup.minecraft.torch":6,"stat.pickup.thaumcraft.brain":1,"stat.craftItem.thaumcraft.quicksilver":1,"stat.killEntity.firedragon":4,"stat.pickup.aether_legacy.zanite_gemstone":1,"stat.drop.iceandfire.chared_cobblestone":1,"stat.drop.minecraft.mutton":2,"stat.pickup.iceandfire.dragonsteel_fire_helmet":1,"stat.useItem.iceandfire.fire_dragon_flesh":1,"stat.mineBlock.thaumcraft.ore_quartz":3,"stat.craftItem.minecraft.iron_axe":2,"stat.mineBlock.minecraft.purple_shulker_box":8,"stat.useItem.minecraft.mutton":2,"stat.useItem.minecraft.planks":3,"stat.pickup.minecraft.golden_boots":1,"stat.drop.minecraft.bowl":1,"stat.pickup.minecraft.porkchop":25,"stat.pickup.minecraft.blaze_powder":2,"stat.useItem.minecraft.water_bucket":110,"stat.mineBlock.thaumcraft.log_greatwood":2,"stat.mineBlock.aether_legacy.dungeon_block":1,"stat.drop.travelersbackpack.travelers_backpack":2,"stat.pickup.minecraft.sand":121,"stat.killEntity.primitivemobs.festive_creeper":4,"stat.entityKilledBy.primitivemobs.skeleton_warrior":4,"stat.pickup.aether_legacy.skyroot_plank":18,"stat.pickup.aether_legacy.invisibility_cape":3,"stat.pickup.minecraft.wooden_hoe":2,"stat.aviateOneCm":10150,"stat.pickup.mca.engagement_ring":1,"stat.drop.tetra.pristine_diamond":1,"stat.mineBlock.aether_legacy.ambrosium_torch":3,"stat.useItem.minecraft.ender_pearl":2,"stat.entityKilledBy.firedragon":7,"stat.pickup.zoocraftdiscoveries.seed_oregano":1,"stat.pickup.mowziesmobs.barakoa_mask_misery":2,"stat.mineBlock.minecraft.sand":85,"stat.pickup.iceandfire.ash":3,"stat.craftItem.iceandfire.dragon_stick":1,"stat.pickup.zoocraftdiscoveries.seed_chive":2,"stat.hopperInspected":2,"stat.pickup.aether_legacy.agility_cape":2,"stat.pickup.iceandfire.dragon_skull":16,"stat.useItem.minecraft.cooked_mutton":93,"stat.pickup.minecraft.furnace":13,"stat.mineBlock.minecraft.end_bricks":1,"stat.mineBlock.aether_legacy.aether_leaves":9,"stat.craftItem.travelersbackpack.travelers_backpack":1,"stat.mineBlock.thaumcraft.cinderpearl":1,"stat.mineBlock.iceandfire.ash":3,"stat.drop.aether_legacy.ice_pendant":1,"stat.pickup.minecraft.stone_stairs":2,"stat.useItem.aether_legacy.skyroot_plank":40,"stat.useItem.minecraft.pumpkin_pie":5,"stat.craftItem.aether_legacy.skyroot_bed_item":4,"stat.mineBlock.minecraft.soul_sand":4,"stat.mineBlock.iceandfire.chared_gravel":1,"stat.playOneMinute":793950,"stat.pickup.minecraft.blaze_rod":2,"stat.drop.minecraft.string":4,"stat.pickup.aether_legacy.regeneration_stone":2,"stat.pickup.iceandfire.armor_gray_leggings":1,"stat.drop.aether_legacy.dungeon_block":9,"stat.pickup.iceandfire.myrmex_desert_chitin":3,"stat.craftItem.mca.engagement_ring":1,"stat.craftItem.iceandfire.armor_red_helmet":1,"stat.mineBlock.minecraft.ice":4,"stat.pickup.thaumcraft.sapling_greatwood":3,"stat.mineBlock.iceandfire.fire_lily":1,"stat.drop.iceandfire.dragonsteel_fire_sword":1,"stat.pickup.minecraft.cooked_chicken":2,"stat.fallOneCm":311959,"stat.drop.minecraft.stone":10,"stat.craftItem.minecraft.chest":3,"stat.pickup.minecraft.golden_leggings":1,"stat.pickup.minecraft.melon":4,"stat.craftItem.iceandfire.armor_gray_leggings":2,"stat.mineBlock.aether_legacy.icestone":5,"stat.pickup.primitivemobs.goblin_mace":1,"stat.pickup.minecraft.feather":14,"stat.drop.minecraft.iron_leggings":1,"stat.drop.minecraft.bone":1,"stat.useItem.minecraft.furnace":10,"stat.pickup.iceandfire.dragonscales_red":46,"stat.drop.iceandfire.bestiary":1,"stat.drop.aether_legacy.golden_feather":2,"stat.pickup.minecraft.iron_leggings":1,"stat.mineBlock.minecraft.gravel":1,"stat.useItem.minecraft.stone_pickaxe":131,"stat.craftItem.minecraft.iron_leggings":1,"stat.pickup.iceandfire.dragon_stick":1,"stat.useItem.minecraft.stone_sword":3,"stat.craftItem.iceandfire.armor_gray_boots":1,"stat.drop.iceandfire.dragon_stick":2,"stat.mineBlock.minecraft.monster_egg":2,"stat.mineBlock.minecraft.quartz_stairs":3,"stat.pickup.minecraft.record_11":1,"stat.mineBlock.iceandfire.myrmex_resin":5,"stat.useItem.minecraft.torch":48,"stat.pickup.minecraft.golden_apple":2,"stat.pickup.minecraft.crafting_table":8,"stat.useItem.minecraft.log":1,"stat.craftItem.minecraft.crafting_table":3,"stat.craftItem.minecraft.boat":1,"stat.mineBlock.minecraft.emerald_ore":1,"stat.pickup.aether_legacy.lightning_sword":1,"stat.pickup.minecraft.log":37,"stat.drop.minecraft.stonebrick":1,"stat.pickup.mca.baby_boy":1,"stat.drop.minecraft.planks":1,"stat.pickup.minecraft.sapling":9,"stat.pickup.aether_legacy.dungeon_key":1,"stat.pickup.iceandfire.dragonscales_gray":39,"stat.pickup.iceandfire.armor_gray_boots":2,"stat.mineBlock.iceandfire.goldpile":98,"stat.useItem.aether_legacy.lightning_sword":72,"stat.pickup.aether_legacy.zanite_boots":1,"stat.pickup.minecraft.golden_sword":1,"stat.craftItem.minecraft.cooked_chicken":11,"stat.sneakTime":14818,"stat.pickup.thaumcraft.amber":6,"stat.pickup.minecraft.stone_slab":5,"stat.pickup.minecraft.chest":4,"stat.craftItem.minecraft.enchanting_table":1,"stat.pickup.minecraft.bone":29,"stat.drop.minecraft.prismarine_crystals":4,"stat.useItem.xlfoodmod.fried_egg":4,"stat.drop.zoocraftdiscoveries.seed_mint":2,"stat.useItem.minecraft.diamond_sword":316,"stat.drop.aether_legacy.holystone":7,"stat.swimOneCm":219875,"stat.mineBlock.minecraft.diamond_block":1,"stat.pickup.zoocraftdiscoveries.frogspawn":1,"stat.climbOneCm":54711,"stat.killEntity.mimic":2,"stat.useItem.minecraft.dirt":5,"stat.pickup.zoocraftdiscoveries.seed_basil":1,"stat.pickup.aether_legacy.iron_gloves":1,"stat.pickup.minecraft.enchanting_table":1,"stat.drop.xlfoodmod.cheeseburger":64,"stat.craftItem.minecraft.stone_pickaxe":1,"stat.pickup.minecraft.cobblestone":1152,"stat.pickup.aether_legacy.mossy_holystone":9,"stat.pickup.minecraft.soul_sand":4,"stat.pickup.minecraft.glass_bottle":1,"stat.useItem.xlfoodmod.cheeseburger":6,"stat.drop.minecraft.wheat_seeds":23,"stat.useItem.minecraft.cooked_beef":54,"stat.pickup.minecraft.cactus":3,"stat.drop.minecraft.clay_ball":3,"stat.mineBlock.minecraft.iron_ore":117,"stat.craftItem.minecraft.book":1,"stat.pickup.aether_legacy.ice_pendant":1,"stat.pickup.minecraft.mutton":41,"stat.pickup.minecraft.mossy_cobblestone":2,"stat.killEntity.zoocraftdiscoveries.capybara":2,"stat.useItem.iceandfire.ash":2,"stat.killEntity.primitivemobs.void_eye":1,"stat.pickup.minecraft.stonebrick":8,"stat.craftItem.aether_legacy.iron_gloves":1,"stat.drop.minecraft.dirt":4,"stat.mineBlock.thaumcraft.plank_greatwood":3,"stat.useItem.minecraft.cooked_porkchop":6,"stat.pickup.tetra.pristine_diamond":1,"stat.pickup.aether_legacy.swetty_ball":1,"stat.craftItem.iceandfire.armor_red_chestplate":1,"stat.craftItem.minecraft.stone_slab2":0,"stat.drop.aether_legacy.agility_cape":2,"stat.entityKilledBy.myrmex_soldier":5,"stat.drop.zoocraftdiscoveries.seed_dill":1,"stat.pickup.aether_legacy.diamond_gloves":5,"stat.craftItem.minecraft.stick":48,"stat.drop.minecraft.potion":1,"stat.pickup.iceandfire.dragonsteel_fire_sword":1,"stat.killEntity.myrmex_soldier":1,"stat.mineBlock.minecraft.crafting_table":8,"stat.useItem.minecraft.diamond_pickaxe":1245,"stat.mineBlock.minecraft.quartz_block":1,"stat.useItem.minecraft.carrot":13,"stat.craftItem.iceandfire.armor_gray_chestplate":1,"stat.useItem.minecraft.ender_eye":1,"stat.entityKilledBy.Creeper":1,"stat.mineBlock.minecraft.planks":7,"stat.drop":157,"stat.mineBlock.thaumcraft.crystal_aqua":3,"stat.mineBlock.aether_legacy.zanite_ore":1,"stat.killEntity.cyclops":1,"stat.killEntity.Sheep":21,"stat.useItem.iceandfire.chared_cobblestone":1,"stat.pickup.zoocraftdiscoveries.seed_sage":3,"stat.killEntity.aechor_plant":1,"stat.craftItem.minecraft.diamond_pickaxe":2,"stat.killEntity.primitivemobs.treasure_slime":6,"stat.pickup.zoocraftdiscoveries.seed_parsley":2,"stat.killEntity.primitivemobs.haunted_tool":2,"stat.killEntity.BrainyZombie":1,"stat.pickup.thaumcraft.curio":1,"stat.pickup.minecraft.gravel":1,"stat.useItem.minecraft.glass_bottle":3,"stat.useItem.minecraft.diamond_axe":175,"stat.pickup.minecraft.purple_shulker_box":8,"stat.useItem.minecraft.apple":1,"stat.useItem.minecraft.porkchop":9,"stat.useItem.minecraft.potion":11,"stat.killEntity.primitivemobs.support_creeper":1,"stat.pickup.minecraft.diamond_sword":1,"stat.craftItem.travelersbackpack.backpack_tank":2,"stat.useItem.iceandfire.dread_queen_sword":28,"stat.pickup.minecraft.iron_helmet":2,"stat.craftItem.minecraft.bread":4,"stat.pickup.minecraft.spider_eye":4,"stat.entityKilledBy.primitivemobs.mother_spider":1,"stat.killEntity.primitivemobs.goblin":2,"stat.craftItem.minecraft.iron_helmet":1,"stat.pickup.thaumcraft.cinderpearl":1,"stat.useItem.minecraft.cooked_chicken":17,"stat.pickup.minecraft.iron_ore":114,"stat.drop.iceandfire.chared_stone":2,"stat.pickup.iceandfire.shiny_scales":12,"stat.mineBlock.mca.rose_gold_ore":4,"stat.boatOneCm":181099,"stat.mineBlock.minecraft.iron_bars":2,"stat.craftItem.minecraft.flint_and_steel":1,"stat.pickup.mca.staff_of_life":1,"stat.pickup.aether_legacy.golden_feather":1,"stat.pickup.minecraft.leather":15,"stat.mineBlock.minecraft.furnace":13,"stat.useItem.minecraft.wooden_pickaxe":58,"stat.mineBlock.iceandfire.chared_cobblestone":3,"stat.pickup.minecraft.prismarine_shard":5,"stat.drop.aether_legacy.sentry_boots":1,"stat.craftItem.aether_legacy.zanite_chestplate":1,"stat.pickup.minecraft.reeds":15,"stat.pickup.minecraft.prismarine_crystals":4,"stat.killEntity.CaveSpider":9,"stat.damageDealt":55621,"stat.craftItem.minecraft.glass":9,"stat.killEntity.zephyr":2,"stat.sleepInBed":17,"stat.pickup.minecraft.end_bricks":1,"stat.killEntity.Cow":13,"stat.useItem.minecraft.crafting_table":2,"stat.pickup.aether_legacy.victory_medal":13,"stat.killEntity.Pig":11,"stat.craftItem.minecraft.iron_sword":2,"stat.walkOneCm":1267746,"stat.playerKills":4,"stat.pickup.minecraft.stick":1,"stat.pickup.minecraft.clay_ball":10,"stat.craftItem.aether_legacy.cold_parachute":1,"stat.drop.aether_legacy.holy_sword":1,"stat.drop.aether_legacy.valkyrie_cape":3,"stat.pickup.minecraft.tnt":1,"stat.pickup.minecraft.stone":188,"stat.pickup.zoocraftdiscoveries.seed_coriander":1,"stat.mineBlock.thaumcraft.crystal_ignis":1,"stat.useItem.minecraft.cactus":2,"stat.pickup.minecraft.gold_ingot":3,"stat.killEntity.Skeleton":12,"stat.pickup.thaumcraft.ore_cinnabar":1,"stat.killEntity.Chicken":12,"stat.craftItem.aether_legacy.diamond_gloves":1,"stat.killEntity.Spider":5,"stat.pickup.minecraft.bread":30,"stat.craftItem.iceandfire.armor_red_boots":1,"stat.useItem.thaumcraft.curio":1,"stat.pickup.minecraft.quartz":3,"stat.pickup.mowziesmobs.barakoa_mask_bliss":2,"stat.useItem.minecraft.golden_apple":10,"stat.pickup.minecraft.water_bucket":2,"stat.mineBlock.minecraft.leaves":13,"stat.mineBlock.minecraft.stone":1318,"stat.useItem.minecraft.sandstone":34}