{"stat.drop.minecraft.mutton":2,"stat.useItem.iceandfire.fire_dragon_flesh":1,"stat.pickup.iceandfire.fire_dragon_flesh":4,"stat.useItem.minecraft.iron_axe":80,"stat.leaveGame":6,"stat.killEntity.zoocraftdiscoveries.hedgehog":1,"stat.mineBlock.minecraft.cobblestone":3,"stat.mineBlock.thaumcraft.ore_quartz":2,"stat.craftItem.minecraft.iron_axe":1,"stat.useItem.xlfoodmod.fried_egg":4,"stat.drop.zoocraftdiscoveries.seed_mint":1,"stat.mineBlock.minecraft.stained_glass_pane":2,"stat.swimOneCm":18596,"stat.craftItem.minecraft.shield":1,"stat.climbOneCm":243,"stat.mineBlock.thaumcraft.ore_amber":5,"stat.drop.minecraft.feather":3,"stat.pickup.minecraft.porkchop":9,"stat.useItem.minecraft.dirt":1,"stat.useItem.minecraft.stone_slab2":33,"stat.useItem.minecraft.water_bucket":12,"stat.mineBlock.thaumcraft.log_greatwood":2,"stat.craftItem.minecraft.furnace":1,"stat.pickup.aether_legacy.iron_gloves":1,"stat.useItem.minecraft.egg":5,"stat.craftItem.minecraft.iron_boots":1,"stat.entityKilledBy.primitivemobs.skeleton_warrior":3,"stat.craftItem.minecraft.stone_pickaxe":1,"stat.pickup.minecraft.cobblestone":578,"stat.flyOneCm":573735,"stat.entityKilledBy.firedragon":3,"stat.pickup.iceandfire.ash":3,"stat.craftItem.iceandfire.dragon_stick":1,"stat.drop.minecraft.wheat_seeds":1,"stat.drop.minecraft.clay_ball":3,"stat.mineBlock.minecraft.iron_ore":80,"stat.timeSinceDeath":36327,"stat.useItem.minecraft.iron_pickaxe":664,"stat.craftItem.minecraft.wooden_pickaxe":1,"stat.pickup.minecraft.mutton":27,"stat.killEntity.zoocraftdiscoveries.capybara":1,"stat.drop.minecraft.cooked_mutton":14,"stat.useItem.iceandfire.ash":2,"stat.craftItem.minecraft.bed":1,"stat.furnaceInteraction":63,"stat.craftItem.aether_legacy.iron_gloves":1,"stat.pickup.iceandfire.dragon_skull":7,"stat.mineBlock.minecraft.coal_ore":57,"stat.talkedToVillager":4,"stat.pickup.minecraft.string":4,"stat.craftItem.iceandfire.armor_red_chestplate":1,"stat.useItem.minecraft.cooked_mutton":29,"stat.pickup.minecraft.furnace":4,"stat.craftItem.minecraft.stone_slab2":0,"stat.useItem.minecraft.written_book":1,"stat.mineBlock.thaumcraft.cinderpearl":1,"stat.sprintOneCm":401840,"stat.entityKilledBy.myrmex_soldier":1,"stat.craftItem.minecraft.stick":16,"stat.craftItem.minecraft.wooden_axe":1,"stat.mineBlock.iceandfire.ash":3,"stat.drop.aether_legacy.iron_gloves":2,"stat.useItem.minecraft.wheat_seeds":13,"stat.pickup.thaumcraft.crystal_essence":2,"stat.mineBlock.minecraft.crafting_table":6,"stat.pickup.xlfoodmod.salt":4,"stat.deaths":10,"stat.mineBlock.minecraft.planks":1,"stat.mineBlock.iceandfire.chared_gravel":1,"stat.drop":34,"stat.pickup.minecraft.egg":14,"stat.playOneMinute":150554,"stat.drop.minecraft.string":4,"stat.killEntity.Sheep":15,"stat.craftItem.minecraft.iron_pickaxe":2,"stat.pickup.zoocraftdiscoveries.seed_sage":2,"stat.pickup.zoocraftdiscoveries.seed_parsley":1,"stat.pickup.minecraft.snowball":2,"stat.mineBlock.xlfoodmod.rock_salt":2,"stat.mineBlock.minecraft.tallgrass":45,"stat.craftItem.minecraft.cooked_mutton":15,"stat.diveOneCm":15395,"stat.pickup.minecraft.wheat":13,"stat.pickup.minecraft.cooked_mutton":3,"stat.chestOpened":5,"stat.pickup.zoocraftdiscoveries.seed_tarragon":1,"stat.useItem.minecraft.stone":9,"stat.pickup.thaumcraft.curio":1,"stat.craftItem.iceandfire.armor_red_helmet":1,"stat.useItem.minecraft.porkchop":1,"stat.pickup.minecraft.gold_nugget":136,"stat.pickup.thaumcraft.sapling_greatwood":3,"stat.drop.minecraft.iron_pickaxe":1,"stat.pickup.zoocraftdiscoveries.seed_mint":2,"stat.jump":2615,"stat.drop.iceandfire.dragonsteel_fire_sword":1,"stat.pickup.minecraft.coal":164,"stat.fallOneCm":61429,"stat.drop.minecraft.stone":7,"stat.craftItem.minecraft.bread":4,"stat.pickup.minecraft.gunpowder":4,"stat.crouchOneCm":7917,"stat.craftItem.minecraft.iron_ingot":77,"stat.entityKilledBy.primitivemobs.mother_spider":1,"stat.pickup.minecraft.dirt":33,"stat.craftItem.minecraft.iron_helmet":1,"stat.pickup.minecraft.melon":4,"stat.pickup.thaumcraft.cinderpearl":1,"stat.useItem.minecraft.cooked_chicken":1,"stat.craftingTableInteraction":29,"stat.pickup.minecraft.iron_ore":77,"stat.pickup.iceandfire.fire_dragon_heart":2,"stat.craftItem.iceandfire.armor_gray_leggings":1,"stat.pickup.minecraft.cookie":1,"stat.damageTaken":4596,"stat.pickup.minecraft.feather":7,"stat.drop.zoocraftdiscoveries.seed_sage":2,"stat.mineBlock.minecraft.furnace":4,"stat.useItem.minecraft.wooden_pickaxe":58,"stat.useItem.iceandfire.dragonsteel_fire_sword":28,"stat.useItem.minecraft.furnace":1,"stat.pickup.iceandfire.dragonscales_red":22,"stat.drop.iceandfire.bestiary":1,"stat.pickup.zoocraftdiscoveries.seed_saffron":1,"stat.pickup.minecraft.planks":1,"stat.killEntity.CaveSpider":2,"stat.pickup.minecraft.bed":6,"stat.pickup.minecraft.wheat_seeds":22,"stat.useItem.minecraft.stone_pickaxe":131,"stat.craftItem.minecraft.iron_leggings":1,"stat.pickup.iceandfire.dragon_stick":1,"stat.damageDealt":9631,"stat.sleepInBed":8,"stat.mineBlock.minecraft.dirt":43,"stat.useItem.minecraft.crafting_table":1,"stat.killEntity.Pig":5,"stat.drop.iceandfire.dragon_stick":2,"stat.craftItem.minecraft.iron_sword":1,"stat.pickup.minecraft.record_11":1,"stat.walkOneCm":196394,"stat.useItem.minecraft.bread":4,"stat.useItem.minecraft.torch":1,"stat.pickup.minecraft.crafting_table":6,"stat.pickup.minecraft.clay_ball":3,"stat.useItem.minecraft.cobblestone":13,"stat.craftItem.minecraft.crafting_table":2,"stat.mineBlock.minecraft.double_plant":1,"stat.mineBlock.thaumcraft.crystal_aer":1,"stat.useItem.minecraft.lava_bucket":10,"stat.pickup.minecraft.log":7,"stat.pickup.minecraft.iron_pickaxe":1,"stat.craftItem.minecraft.gold_ingot":15,"stat.pickup.minecraft.stone":69,"stat.craftItem.minecraft.iron_chestplate":1,"stat.drop.minecraft.sapling":2,"stat.pickup.minecraft.chicken":9,"stat.pickup.zoocraftdiscoveries.seed_coriander":1,"stat.pickup.minecraft.sapling":2,"stat.killEntity.primitivemobs.traveling_merchant":1,"stat.pickup.iceandfire.dragonscales_gray":39,"stat.pickup.thaumcraft.ore_cinnabar":1,"stat.mineBlock.iceandfire.goldpile":23,"stat.craftItem.minecraft.planks":28,"stat.useItem.minecraft.iron_sword":76,"stat.killEntity.Chicken":9,"stat.pickup.zoocraftdiscoveries.seed_thyme":1,"stat.craftItem.iceandfire.armor_red_boots":1,"stat.mobKills":42,"stat.useItem.thaumcraft.curio":1,"stat.mineBlock.minecraft.log":7,"stat.craftItem.xlfoodmod.fried_egg":5,"stat.pickup.minecraft.quartz":2,"stat.craftItem.minecraft.cooked_chicken":11,"stat.pickup.iceandfire.dragonbone":19,"stat.pickup.minecraft.torch":2,"stat.sneakTime":2206,"stat.pickup.thaumcraft.amber":6,"stat.pickup.minecraft.wool":16,"stat.craftItem.thaumcraft.quicksilver":1,"stat.killEntity.firedragon":2,"stat.craftItem.thaumcraft.plank_greatwood":4,"stat.useItem.minecraft.wooden_axe":37,"stat.mineBlock.minecraft.stone":661,"stat.pickup.thaumcraft.log_greatwood":1,"stat.mineBlock.thaumcraft.ore_cinnabar":1}