{"stat.drop.minecraft.mutton":9,"stat.leaveGame":5,"stat.mineBlock.thaumcraft.ore_quartz":1,"stat.mineBlock.minecraft.sandstone":7,"stat.mineBlock.minecraft.stained_glass":27,"stat.useItem.minecraft.planks":10,"stat.craftItem.minecraft.shield":1,"stat.pickup.minecraft.glowstone_dust":50,"stat.drop.minecraft.feather":4,"stat.pickup.minecraft.porkchop":9,"stat.mineBlock.thaumcraft.log_greatwood":31,"stat.pickup.minecraft.rotten_flesh":5,"stat.pickup.minecraft.sand":20,"stat.craftItem.minecraft.stone_axe":1,"stat.entityKilledBy.primitivemobs.skeleton_warrior":1,"stat.pickup.minecraft.leather_boots":1,"stat.entityKilledBy.firedragon":15,"stat.pickup.zoocraftdiscoveries.seed_oregano":1,"stat.drop.xlfoodmod.corn_seeds":1,"stat.pickup.minecraft.brown_mushroom":1,"stat.mineBlock.minecraft.sand":17,"stat.pickup.iceandfire.ash":1,"stat.craftItem.iceandfire.dragon_stick":1,"stat.pickup.zoocraftdiscoveries.gemsbok_leather":2,"stat.pickup.minecraft.stained_hardened_clay":3,"stat.craftItem.minecraft.wooden_pickaxe":1,"stat.craftItem.minecraft.bed":1,"stat.furnaceInteraction":44,"stat.pickup.iceandfire.rotten_egg":1,"stat.pickup.iceandfire.dragon_skull":2,"stat.killEntity.ZombieVillager":1,"stat.killEntity.zoocraftdiscoveries.gemsbok":1,"stat.pickup.minecraft.beef":6,"stat.useItem.minecraft.cooked_mutton":13,"stat.pickup.minecraft.furnace":3,"stat.craftItem.travelersbackpack.travelers_backpack":1,"stat.mineBlock.thaumcraft.cinderpearl":1,"stat.mineBlock.minecraft.stained_hardened_clay":3,"stat.pickup.minecraft.iron_chestplate":2,"stat.pickup.minecraft.skull":1,"stat.mineBlock.thaumcraft.vishroom":1,"stat.pickup.thaumcraft.crystal_essence":25,"stat.pickup.thaumcraft.nugget":1,"stat.useItem.iceandfire.chared_dirt":15,"stat.drop.zoocraftdiscoveries.seed_rosemary":1,"stat.deaths":24,"stat.drop.zoocraftdiscoveries.gemsbok_leather":2,"stat.pickup.minecraft.egg":21,"stat.playOneMinute":154543,"stat.mineBlock.minecraft.stone_pressure_plate":2,"stat.pickup.minecraft.iron_bars":8,"stat.drop.minecraft.glass_bottle":1,"stat.craftItem.minecraft.cooked_mutton":13,"stat.mineBlock.minecraft.tallgrass":36,"stat.chestOpened":51,"stat.killEntity.primitivemobs.brain_slime":3,"stat.pickup.minecraft.waterlily":4,"stat.pickup.minecraft.arrow":3,"stat.pickup.minecraft.gold_nugget":509,"stat.pickup.zoocraftdiscoveries.seed_mint":2,"stat.killEntity.primitivemobs.filch_lizard":2,"stat.fallOneCm":122348,"stat.drop.minecraft.stone":6,"stat.crouchOneCm":22892,"stat.pickup.iceandfire.pixie_dust":2,"stat.craftItem.minecraft.chest":1,"stat.craftingTableInteraction":45,"stat.killEntity.primitivemobs.chameleon":1,"stat.pickup.iceandfire.lectern":2,"stat.mineBlock.minecraft.log2":7,"stat.pickup.minecraft.feather":24,"stat.pickup.minecraft.dye":1,"stat.pickup.minecraft.planks":12,"stat.pickup.minecraft.iron_leggings":1,"stat.useItem.minecraft.stone_pickaxe":267,"stat.mineBlock.minecraft.dirt":4,"stat.useItem.minecraft.iron_bars":4,"stat.useItem.minecraft.torch":47,"stat.drop.minecraft.rotten_flesh":5,"stat.pickup.minecraft.crafting_table":13,"stat.useItem.minecraft.cobblestone":29,"stat.craftItem.minecraft.crafting_table":3,"stat.mineBlock.thaumcraft.crystal_aer":7,"stat.pickup.zoocraftdiscoveries.seed_dill":1,"stat.pickup.minecraft.log":11,"stat.useItem.minecraft.cooked_fish":2,"stat.craftItem.minecraft.gold_ingot":56,"stat.pickup.minecraft.chicken":6,"stat.pickup.minecraft.sapling":1,"stat.pickup.thaumcraft.vishroom":2,"stat.craftItem.iceandfire.bestiary":1,"stat.mineBlock.iceandfire.goldpile":98,"stat.craftItem.minecraft.planks":56,"stat.useItem.minecraft.iron_sword":147,"stat.pickup.minecraft.book":3,"stat.mineBlock.minecraft.log":11,"stat.craftItem.xlfoodmod.fried_egg":16,"stat.craftItem.minecraft.cooked_chicken":2,"stat.mineBlock.minecraft.waterlily":1,"stat.pickup.iceandfire.pixie_house":1,"stat.pickup.iceandfire.dragonbone":41,"stat.killEntity.primitivemobs.lily_lurker":3,"stat.pickup.minecraft.red_flower":2,"stat.sneakTime":6483,"stat.pickup.thaumcraft.amber":6,"stat.pickup.minecraft.wool":6,"stat.craftItem.thaumcraft.plank_greatwood":124,"stat.pickup.minecraft.stone_slab":2,"stat.pickup.thaumcraft.log_greatwood":31,"stat.craftItem.iceandfire.lectern":1,"stat.pickup.zoocraftdiscoveries.seed_bay":1,"stat.pickup.minecraft.bone":3,"stat.pickup.minecraft.stone_pressure_plate":2,"stat.useItem.minecraft.iron_axe":9,"stat.mineBlock.minecraft.cobblestone":1,"stat.pickup.minecraft.flint":1,"stat.useItem.xlfoodmod.fried_egg":10,"stat.craftItem.minecraft.wool":2,"stat.swimOneCm":51365,"stat.pickup.zoocraftdiscoveries.frogspawn":1,"stat.climbOneCm":882,"stat.mineBlock.thaumcraft.ore_amber":5,"stat.useItem.minecraft.dirt":2,"stat.pickup.zoocraftdiscoveries.seed_basil":2,"stat.useItem.minecraft.stone_slab2":45,"stat.pickup.minecraft.bow":1,"stat.pickup.minecraft.iron_boots":3,"stat.craftItem.minecraft.furnace":2,"stat.useItem.minecraft.egg":5,"stat.craftItem.minecraft.iron_boots":2,"stat.craftItem.minecraft.stone_pickaxe":2,"stat.craftItem.minecraft.cooked_beef":6,"stat.pickup.minecraft.cobblestone":82,"stat.useItem.minecraft.stone_shovel":15,"stat.flyOneCm":992637,"stat.pickup.minecraft.sandstone":11,"stat.mineBlock.iceandfire.lectern":2,"stat.useItem.minecraft.cooked_beef":6,"stat.timeSinceDeath":39699,"stat.useItem.thaumcraft.plank_greatwood":6,"stat.pickup.minecraft.mutton":19,"stat.pickup.travelersbackpack.travelers_backpack":1,"stat.pickup.minecraft.stonebrick":5,"stat.mineBlock.thaumcraft.plank_greatwood":4,"stat.useItem.minecraft.cooked_porkchop":10,"stat.mineBlock.minecraft.coal_ore":28,"stat.talkedToVillager":3,"stat.pickup.minecraft.string":2,"stat.pickup.xlfoodmod.corn_seeds":1,"stat.craftItem.minecraft.stone_slab2":0,"stat.useItem.minecraft.written_book":1,"stat.sprintOneCm":451337,"stat.craftItem.minecraft.stick":28,"stat.useItem.carryon.tile_item":1,"stat.mineBlock.minecraft.crafting_table":14,"stat.mineBlock.minecraft.quartz_block":2,"stat.pickup.zoocraftdiscoveries.seed_rosemary":2,"stat.drop":14,"stat.killEntity.Sheep":7,"stat.killEntity.primitivemobs.harpy":1,"stat.pickup.minecraft.slime_ball":5,"stat.pickup.zoocraftdiscoveries.seed_sage":1,"stat.useItem.iceandfire.rotten_egg":1,"stat.killEntity.Zombie":7,"stat.craftItem.minecraft.dye":2,"stat.killEntity.primitivemobs.haunted_tool":1,"stat.pickup.iceandfire.chared_dirt":21,"stat.diveOneCm":54213,"stat.entityKilledBy.deathworm":4,"stat.craftItem.minecraft.cooked_porkchop":15,"stat.useItem.minecraft.waterlily":4,"stat.useItem.minecraft.potion":1,"stat.killEntity.primitivemobs.support_creeper":1,"stat.craftItem.travelersbackpack.backpack_tank":2,"stat.jump":4070,"stat.pickup.minecraft.coal":70,"stat.pickup.minecraft.iron_helmet":1,"stat.pickup.minecraft.iron_ingot":3,"stat.useItem.minecraft.stone_axe":73,"stat.pickup.iceandfire.chared_gravel":24,"stat.pickup.minecraft.spider_eye":2,"stat.craftItem.minecraft.torch":64,"stat.pickup.thaumcraft.plank_greatwood":4,"stat.pickup.minecraft.dirt":5,"stat.drop.minecraft.bed":1,"stat.useItem.minecraft.cooked_chicken":2,"stat.pickup.thaumcraft.cinderpearl":1,"stat.entityKilledBy.primitivemobs.haunted_tool":1,"stat.mineBlock.minecraft.iron_bars":8,"stat.pickup.minecraft.iron_axe":1,"stat.damageTaken":9208,"stat.pickup.minecraft.leather":13,"stat.mineBlock.iceandfire.pixie_house":2,"stat.mineBlock.minecraft.furnace":3,"stat.mineBlock.minecraft.red_flower":2,"stat.mineBlock.minecraft.torch":3,"stat.useItem.minecraft.wooden_pickaxe":4,"stat.pickup.minecraft.log2":7,"stat.craftItem.minecraft.glowstone":12,"stat.pickup.minecraft.bed":4,"stat.killEntity.hippogryph":3,"stat.pickup.minecraft.oak_stairs":3,"stat.entityKilledBy.Zombie":1,"stat.damageDealt":8277,"stat.craftItem.minecraft.glass":14,"stat.sleepInBed":4,"stat.killEntity.if_pixie":3,"stat.drop.zoocraftdiscoveries.seed_lemongrass":1,"stat.killEntity.Cow":4,"stat.useItem.minecraft.crafting_table":1,"stat.killEntity.Pig":3,"stat.mineBlock.iceandfire.chared_dirt":1,"stat.craftItem.minecraft.stone_shovel":1,"stat.walkOneCm":321533,"stat.pickup.minecraft.stick":1,"stat.pickup.zoocraftdiscoveries.seed_lemongrass":1,"stat.drop.iceandfire.chared_dirt":6,"stat.pickup.minecraft.tnt":9,"stat.pickup.minecraft.stone":7,"stat.useItem.minecraft.stained_hardened_clay":1,"stat.pickup.minecraft.ender_pearl":2,"stat.mineBlock.thaumcraft.crystal_ignis":2,"stat.pickup.minecraft.gold_ingot":5,"stat.killEntity.Skeleton":2,"stat.craftItem.travelersbackpack.sleeping_bag_bottom":1,"stat.mineBlock.minecraft.tnt":9,"stat.killEntity.Chicken":6,"stat.killEntity.Spider":3,"stat.pickup.zoocraftdiscoveries.seed_thyme":1,"stat.mineBlock.minecraft.glowstone":18,"stat.mobKills":54,"stat.pickup.minecraft.quartz":1,"stat.mineBlock.minecraft.leaves":8,"stat.pickup.minecraft.torch":4,"stat.pickup.thaumcraft.brain":1,"stat.mineBlock.minecraft.stone":89,"stat.useItem.minecraft.sandstone":5}