{"stat.drop.iceandfire.silver_ingot":5,"stat.drop.aether_legacy.invisibility_cape":2,"stat.leaveGame":10,"stat.mineBlock.aether_legacy.ambrosium_ore":29,"stat.mineBlock.iceandfire.myrmex_resin_sticky":15,"stat.useItem.minecraft.glowstone":11,"stat.mineBlock.minecraft.sandstone":32,"stat.mineBlock.minecraft.stained_glass":27,"stat.craftItem.minecraft.shield":1,"stat.drop.minecraft.feather":7,"stat.killEntity.primitivemobs.skeleton_warrior":1,"stat.pickup.minecraft.rotten_flesh":18,"stat.drop.minecraft.golden_horse_armor":1,"stat.craftItem.minecraft.stone_axe":1,"stat.entityKilledBy.primitivemobs.rocket_creeper":1,"stat.pickup.minecraft.leather_boots":1,"stat.craftItem.minecraft.iron_shovel":1,"stat.pickup.minecraft.brown_mushroom":1,"stat.drop.minecraft.sand":33,"stat.pickup.iceandfire.silver_ingot":5,"stat.craftItem.iceandfire.silver_ingot":15,"stat.pickup.zoocraftdiscoveries.gemsbok_leather":2,"stat.useItem.minecraft.iron_pickaxe":158,"stat.pickup.minecraft.stained_hardened_clay":4,"stat.killEntity.myrmex_worker":1,"stat.craftItem.minecraft.wooden_pickaxe":1,"stat.useItem.minecraft.iron_shovel":46,"stat.craftItem.minecraft.bed":1,"stat.furnaceInteraction":49,"stat.pickup.aether_legacy.enchanter":1,"stat.killEntity.ZombieVillager":1,"stat.pickup.minecraft.beef":8,"stat.mineBlock.minecraft.stained_hardened_clay":4,"stat.pickup.thaumcraft.crystal_essence":28,"stat.useItem.iceandfire.chared_dirt":15,"stat.craftItem.iceandfire.myrmex_desert_boots":1,"stat.entityKilledBy.mimic":1,"stat.useItem.minecraft.beef":2,"stat.deaths":67,"stat.drop.zoocraftdiscoveries.gemsbok_leather":2,"stat.pickup.minecraft.egg":21,"stat.pickup.aether_legacy.dart":2,"stat.mineBlock.aether_legacy.aercloud":54,"stat.useItem.aether_legacy.mossy_holystone":1,"stat.mineBlock.minecraft.stone_pressure_plate":3,"stat.craftItem.minecraft.iron_pickaxe":1,"stat.drop.minecraft.glass_bottle":1,"stat.craftItem.minecraft.cooked_mutton":13,"stat.mineBlock.minecraft.tallgrass":39,"stat.pickup.minecraft.cooked_mutton":7,"stat.chestOpened":109,"stat.useItem.minecraft.splash_potion":1,"stat.killEntity.phyg":7,"stat.killEntity.primitivemobs.brain_slime":4,"stat.pickup.minecraft.arrow":3,"stat.pickup.minecraft.gold_nugget":636,"stat.useItem.aether_legacy.dungeon_block":9,"stat.drop.minecraft.iron_pickaxe":1,"stat.pickup.zoocraftdiscoveries.seed_mint":3,"stat.pickup.iceandfire.silver_nugget":156,"stat.killEntity.primitivemobs.filch_lizard":4,"stat.drop.iceandfire.myrmex_resin_sticky":2,"stat.mineBlock.aether_legacy.skyroot_plank":3,"stat.pickup.aether_legacy.gravitite_ore":2,"stat.crouchOneCm":73704,"stat.craftingTableInteraction":51,"stat.pickup.iceandfire.myrmex_desert_resin":35,"stat.useItem.aether_legacy.holystone":143,"stat.mineBlock.minecraft.log2":7,"stat.mineBlock.aether_legacy.mossy_holystone":1,"stat.craftItem.iceandfire.myrmex_desert_leggings":1,"stat.pickup.minecraft.dye":1,"stat.pickup.minecraft.planks":12,"stat.pickup.aether_legacy.aercloud":59,"stat.killEntity.cockatrice":5,"stat.mineBlock.minecraft.dirt":6,"stat.mineBlock.iceandfire.sapphire_ore":1,"stat.killEntity.moa":1,"stat.drop.minecraft.rotten_flesh":5,"stat.useItem.minecraft.cobblestone":134,"stat.mineBlock.thaumcraft.crystal_aer":7,"stat.pickup.zoocraftdiscoveries.seed_dill":1,"stat.pickup.minecraft.iron_pickaxe":1,"stat.drop.minecraft.iron_ore":1,"stat.craftItem.minecraft.gold_ingot":69,"stat.pickup.minecraft.chicken":6,"stat.drop.minecraft.gold_nugget":8,"stat.pickup.thaumcraft.vishroom":2,"stat.pickup.iceandfire.myrmex_stinger":2,"stat.craftItem.minecraft.planks":56,"stat.useItem.minecraft.iron_sword":431,"stat.pickup.minecraft.book":3,"stat.drop.thaumcraft.crystal_essence":8,"stat.mineBlock.minecraft.log":11,"stat.craftItem.xlfoodmod.fried_egg":16,"stat.mineBlock.minecraft.waterlily":1,"stat.pickup.iceandfire.dragonbone":41,"stat.killEntity.primitivemobs.lily_lurker":3,"stat.pickup.minecraft.red_flower":2,"stat.pickup.minecraft.wool":9,"stat.killEntity.siren":2,"stat.craftItem.thaumcraft.plank_greatwood":124,"stat.pickup.thaumcraft.log_greatwood":31,"stat.pickup.zoocraftdiscoveries.seed_bay":1,"stat.useItem.minecraft.iron_axe":35,"stat.mineBlock.minecraft.cobblestone":18,"stat.pickup.minecraft.flint":1,"stat.pickup.aether_legacy.holystone":187,"stat.craftItem.minecraft.wool":2,"stat.pickup.minecraft.enchanted_book":1,"stat.pickup.minecraft.glowstone":1,"stat.mineBlock.thaumcraft.ore_amber":5,"stat.useItem.minecraft.cookie":1,"stat.killEntity.swet":1,"stat.useItem.minecraft.stone_slab2":101,"stat.pickup.minecraft.bow":3,"stat.pickup.minecraft.iron_boots":3,"stat.killEntity.deathworm":6,"stat.craftItem.minecraft.furnace":2,"stat.pickup.aether_legacy.skyroot_sapling":1,"stat.useItem.minecraft.egg":5,"stat.craftItem.minecraft.iron_boots":3,"stat.entityKilledBy.myrmex_worker":7,"stat.craftItem.minecraft.cooked_beef":6,"stat.pickup.iceandfire.myrmex_resin":11,"stat.pickup.aether_legacy.aether_dirt":4,"stat.flyOneCm":1836283,"stat.pickup.minecraft.sandstone":53,"stat.useItem.iceandfire.iceandfire.deathworm_egg":1,"stat.pickup.iceandfire.myrmex_desert_biolight":5,"stat.timeSinceDeath":5758,"stat.pickup.travelersbackpack.travelers_backpack":11,"stat.mineBlock.minecraft.coal_ore":28,"stat.entityKilledBy.myrmex_queen":1,"stat.pickup.minecraft.shield":1,"stat.talkedToVillager":9,"stat.pickup.minecraft.string":2,"stat.useItem.minecraft.written_book":1,"stat.sprintOneCm":813288,"stat.useItem.aether_legacy.aercloud":22,"stat.pickup.minecraft.bone_block":14,"stat.useItem.carryon.tile_item":1,"stat.pickup.aether_legacy.sentry_boots":2,"stat.pickup.zoocraftdiscoveries.seed_rosemary":2,"stat.mineBlock.thaumcraft.loot_urn_common":2,"stat.killEntity.primitivemobs.harpy":1,"stat.mineBlock.aether_legacy.aether_log":6,"stat.killEntity.Zombie":8,"stat.craftItem.minecraft.dye":2,"stat.pickup.aether_legacy.skyroot_stick":4,"stat.pickup.iceandfire.chared_dirt":21,"stat.entityKilledBy.myrmex_royal":3,"stat.mineBlock.minecraft.gold_ore":1,"stat.diveOneCm":62002,"stat.entityKilledBy.deathworm":6,"stat.pickup.aether_legacy.freezer":1,"stat.useItem.iceandfire.myrmex_resin":7,"stat.craftItem.minecraft.cooked_porkchop":15,"stat.drop.aether_legacy.victory_medal":10,"stat.useItem.minecraft.rotten_flesh":7,"stat.pickup.aether_legacy.dungeon_block":16,"stat.drop.minecraft.sandstone":40,"stat.jump":7849,"stat.useItem.minecraft.sand":21,"stat.pickup.minecraft.coal":70,"stat.pickup.minecraft.iron_ingot":3,"stat.pickup.iceandfire.chared_gravel":24,"stat.craftItem.minecraft.torch":64,"stat.pickup.thaumcraft.plank_greatwood":13,"stat.pickup.minecraft.dirt":7,"stat.pickup.minecraft.gold_ore":1,"stat.pickup.iceandfire.iceandfire.deathworm_egg":2,"stat.pickup.minecraft.iron_axe":1,"stat.damageTaken":24330,"stat.mineBlock.iceandfire.myrmex_desert_biolight":11,"stat.mineBlock.minecraft.red_flower":2,"stat.mineBlock.minecraft.torch":3,"stat.pickup.minecraft.log2":7,"stat.craftItem.minecraft.glowstone":12,"stat.craftItem.aether_legacy.skyroot_plank":24,"stat.pickup.minecraft.bed":5,"stat.killEntity.hippogryph":3,"stat.entityKilledBy.Zombie":1,"stat.mineBlock.aether_legacy.enchanter":1,"stat.mineBlock.aether_legacy.holystone":148,"stat.drop.zoocraftdiscoveries.seed_lemongrass":1,"stat.useItem.minecraft.chest":2,"stat.drop.iceandfire.chared_dirt":6,"stat.pickup.aether_legacy.aether_log":6,"stat.pickup.iceandfire.desert_myrmex_cocoon":2,"stat.useItem.minecraft.stained_hardened_clay":1,"stat.pickup.minecraft.ender_pearl":4,"stat.killEntity.primitivemobs.traveling_merchant":1,"stat.mineBlock.aether_legacy.aether_grass":6,"stat.craftItem.travelersbackpack.sleeping_bag_bottom":1,"stat.mineBlock.minecraft.tnt":9,"stat.pickup.aether_legacy.icestone":1,"stat.pickup.zoocraftdiscoveries.seed_thyme":1,"stat.drop.aether_legacy.aether_dirt":1,"stat.mineBlock.minecraft.glowstone":18,"stat.mobKills":98,"stat.pickup.minecraft.diamond":2,"stat.pickup.minecraft.torch":4,"stat.pickup.thaumcraft.brain":1,"stat.pickup.aether_legacy.zanite_gemstone":1,"stat.drop.minecraft.mutton":9,"stat.mineBlock.thaumcraft.ore_quartz":2,"stat.killEntity.sheepuff":1,"stat.craftItem.aether_legacy.holystone_pickaxe":1,"stat.drop.minecraft.shield":1,"stat.useItem.minecraft.mutton":1,"stat.pickup.aether_legacy.incubator":1,"stat.useItem.minecraft.planks":10,"stat.pickup.minecraft.glowstone_dust":50,"stat.pickup.minecraft.porkchop":23,"stat.entityKilledBy.myrmex_sentinel":1,"stat.mineBlock.thaumcraft.log_greatwood":31,"stat.pickup.minecraft.sand":185,"stat.pickup.minecraft.splash_potion":1,"stat.entityKilledBy.primitivemobs.skeleton_warrior":2,"stat.mineBlock.aether_legacy.gravitite_ore":2,"stat.pickup.aether_legacy.skyroot_plank":10,"stat.pickup.aether_legacy.invisibility_cape":2,"stat.entityKilledBy.firedragon":16,"stat.pickup.zoocraftdiscoveries.seed_oregano":1,"stat.drop.xlfoodmod.corn_seeds":1,"stat.mineBlock.minecraft.sand":173,"stat.pickup.iceandfire.ash":1,"stat.craftItem.iceandfire.dragon_stick":1,"stat.drop.iceandfire.myrmex_desert_biolight":2,"stat.trappedChestTriggered":2,"stat.mineBlock.iceandfire.silverpile":25,"stat.pickup.iceandfire.rotten_egg":1,"stat.pickup.iceandfire.dragon_skull":4,"stat.killEntity.zoocraftdiscoveries.gemsbok":1,"stat.useItem.minecraft.cooked_mutton":20,"stat.pickup.minecraft.furnace":3,"stat.pickup.aether_legacy.golden_parachute":1,"stat.pickup.aether_legacy.ambrosium_shard":45,"stat.mineBlock.aether_legacy.aether_leaves":1,"stat.craftItem.travelersbackpack.travelers_backpack":1,"stat.mineBlock.thaumcraft.cinderpearl":1,"stat.pickup.minecraft.iron_chestplate":2,"stat.pickup.minecraft.skull":1,"stat.mineBlock.thaumcraft.vishroom":1,"stat.useItem.aether_legacy.skyroot_plank":3,"stat.pickup.thaumcraft.nugget":1,"stat.drop.zoocraftdiscoveries.seed_rosemary":1,"stat.useItem.aether_legacy.holystone_pickaxe":141,"stat.playOneMinute":348416,"stat.drop.aether_legacy.dungeon_block":5,"stat.pickup.minecraft.iron_bars":10,"stat.pickup.minecraft.netherrack":12,"stat.pickup.iceandfire.myrmex_desert_chitin":33,"stat.pickup.minecraft.waterlily":4,"stat.mineBlock.minecraft.ice":3,"stat.craftItem.iceandfire.myrmex_desert_helmet":1,"stat.fallOneCm":226302,"stat.drop.minecraft.stone":6,"stat.craftItem.aether_legacy.skyroot_stick":4,"stat.pickup.iceandfire.pixie_dust":2,"stat.craftItem.minecraft.chest":1,"stat.pickup.minecraft.red_mushroom":9,"stat.killEntity.primitivemobs.chameleon":1,"stat.pickup.iceandfire.lectern":4,"stat.mineBlock.aether_legacy.icestone":1,"stat.pickup.minecraft.feather":34,"stat.pickup.minecraft.iron_leggings":1,"stat.useItem.minecraft.stone_pickaxe":267,"stat.craftItem.minecraft.iron_leggings":1,"stat.useItem.minecraft.wool":1,"stat.drop.minecraft.reeds":1,"stat.craftItem.iceandfire.myrmex_desert_chestplate":1,"stat.useItem.minecraft.iron_bars":5,"stat.mineBlock.iceandfire.myrmex_resin":14,"stat.useItem.minecraft.bone_block":6,"stat.useItem.minecraft.torch":52,"stat.pickup.minecraft.crafting_table":17,"stat.craftItem.minecraft.crafting_table":3,"stat.pickup.minecraft.log":11,"stat.useItem.minecraft.cooked_fish":2,"stat.pickup.minecraft.sapling":1,"stat.pickup.aether_legacy.dungeon_key":1,"stat.craftItem.iceandfire.bestiary":1,"stat.drop.minecraft.bow":1,"stat.mineBlock.iceandfire.goldpile":120,"stat.drop.aether_legacy.swet_cape":1,"stat.craftItem.minecraft.cooked_chicken":2,"stat.pickup.iceandfire.pixie_house":1,"stat.pickup.aether_legacy.swet_cape":1,"stat.useItem.aether_legacy.aether_dirt":2,"stat.sneakTime":24902,"stat.pickup.thaumcraft.amber":6,"stat.pickup.minecraft.stone_slab":2,"stat.pickup.minecraft.chest":3,"stat.craftItem.iceandfire.lectern":1,"stat.pickup.minecraft.bone":3,"stat.pickup.minecraft.stone_pressure_plate":3,"stat.killEntity.myrmex_sentinel":1,"stat.drop.minecraft.red_mushroom":5,"stat.useItem.xlfoodmod.fried_egg":16,"stat.drop.zoocraftdiscoveries.seed_mint":1,"stat.drop.aether_legacy.holystone":12,"stat.pickup.iceandfire.deathworm_chitin":16,"stat.swimOneCm":69457,"stat.pickup.zoocraftdiscoveries.frogspawn":1,"stat.climbOneCm":2055,"stat.killEntity.mimic":5,"stat.useItem.minecraft.dirt":3,"stat.pickup.zoocraftdiscoveries.seed_basil":2,"stat.craftItem.minecraft.stone_pickaxe":2,"stat.drop.iceandfire.myrmex_resin":3,"stat.pickup.minecraft.cobblestone":103,"stat.pickup.aether_legacy.mossy_holystone":2,"stat.useItem.minecraft.stone_shovel":130,"stat.mineBlock.iceandfire.lectern":4,"stat.pickup.aether_legacy.blue_berry":16,"stat.useItem.minecraft.cooked_beef":6,"stat.useItem.aether_legacy.blue_berry":16,"stat.useItem.thaumcraft.plank_greatwood":20,"stat.pickup.minecraft.mutton":20,"stat.pickup.minecraft.mossy_cobblestone":1,"stat.pickup.minecraft.stonebrick":5,"stat.mineBlock.thaumcraft.plank_greatwood":13,"stat.useItem.minecraft.cooked_porkchop":15,"stat.pickup.minecraft.iron_shovel":1,"stat.pickup.minecraft.trapdoor":1,"stat.pickup.xlfoodmod.corn_seeds":1,"stat.craftItem.minecraft.stone_slab2":0,"stat.drop.aether_legacy.agility_cape":1,"stat.mineBlock.aether_legacy.freezer":1,"stat.entityKilledBy.myrmex_soldier":20,"stat.craftItem.minecraft.stick":32,"stat.useItem.minecraft.stone_slab":1,"stat.mineBlock.minecraft.crafting_table":18,"stat.mineBlock.minecraft.quartz_block":2,"stat.useItem.aether_legacy.ambrosium_torch":9,"stat.drop":48,"stat.mineBlock.aether_legacy.zanite_ore":1,"stat.killEntity.Sheep":7,"stat.pickup.minecraft.slime_ball":6,"stat.pickup.zoocraftdiscoveries.seed_sage":1,"stat.useItem.iceandfire.rotten_egg":1,"stat.killEntity.primitivemobs.haunted_tool":1,"stat.useItem.iceandfire.myrmex_resin_sticky":2,"stat.mineBlock.iceandfire.desert_myrmex_cocoon":2,"stat.useItem.minecraft.waterlily":4,"stat.useItem.minecraft.apple":2,"stat.useItem.minecraft.porkchop":14,"stat.useItem.minecraft.potion":1,"stat.killEntity.primitivemobs.support_creeper":1,"stat.craftItem.travelersbackpack.backpack_tank":2,"stat.pickup.minecraft.iron_helmet":1,"stat.useItem.minecraft.stone_axe":74,"stat.pickup.minecraft.spider_eye":2,"stat.drop.minecraft.bed":1,"stat.useItem.minecraft.cooked_chicken":2,"stat.pickup.thaumcraft.cinderpearl":1,"stat.pickup.minecraft.iron_ore":1,"stat.pickup.iceandfire.shiny_scales":6,"stat.entityKilledBy.primitivemobs.haunted_tool":1,"stat.mineBlock.minecraft.iron_bars":10,"stat.pickup.minecraft.leather":13,"stat.mineBlock.iceandfire.pixie_house":2,"stat.mineBlock.minecraft.furnace":3,"stat.useItem.minecraft.wooden_pickaxe":4,"stat.pickup.minecraft.prismarine_shard":3,"stat.drop.aether_legacy.sentry_boots":1,"stat.pickup.iceandfire.sapphire_gem":1,"stat.pickup.minecraft.prismarine_crystals":5,"stat.pickup.minecraft.reeds":1,"stat.pickup.minecraft.oak_stairs":3,"stat.damageDealt":26286,"stat.craftItem.minecraft.glass":14,"stat.sleepInBed":6,"stat.killEntity.if_pixie":3,"stat.killEntity.Cow":5,"stat.useItem.minecraft.crafting_table":1,"stat.pickup.aether_legacy.victory_medal":15,"stat.killEntity.Pig":3,"stat.mineBlock.iceandfire.chared_dirt":1,"stat.craftItem.minecraft.stone_shovel":1,"stat.walkOneCm":782868,"stat.pickup.minecraft.stick":2,"stat.pickup.zoocraftdiscoveries.seed_lemongrass":1,"stat.craftItem.aether_legacy.cold_parachute":1,"stat.mineBlock.aether_legacy.incubator":1,"stat.craftItem.aether_legacy.golden_parachute":1,"stat.pickup.minecraft.tnt":9,"stat.pickup.minecraft.stone":7,"stat.mineBlock.minecraft.wool":2,"stat.mineBlock.thaumcraft.crystal_ignis":2,"stat.pickup.iceandfire.myrmex_resin_sticky":14,"stat.pickup.minecraft.gold_ingot":5,"stat.killEntity.Skeleton":2,"stat.killEntity.Chicken":6,"stat.killEntity.Spider":3,"stat.pickup.minecraft.quartz":2,"stat.useItem.minecraft.golden_apple":1,"stat.mineBlock.minecraft.leaves":8,"stat.mineBlock.minecraft.bone_block":15,"stat.mineBlock.minecraft.stone":97,"stat.useItem.minecraft.sandstone":7}