{"stat.drop.iceandfire.silver_ingot":5,"stat.pickup.iceandfire.fire_dragon_flesh":6,"stat.drop.aether_legacy.invisibility_cape":14,"stat.leaveGame":17,"stat.mineBlock.aether_legacy.ambrosium_ore":29,"stat.mineBlock.iceandfire.myrmex_resin_sticky":15,"stat.useItem.minecraft.glowstone":11,"stat.mineBlock.minecraft.sandstone":32,"stat.mineBlock.minecraft.stained_glass":27,"stat.craftItem.minecraft.shield":1,"stat.mineBlock.minecraft.web":13,"stat.drop.minecraft.feather":11,"stat.killEntity.primitivemobs.skeleton_warrior":3,"stat.pickup.minecraft.rotten_flesh":45,"stat.drop.minecraft.golden_horse_armor":1,"stat.craftItem.minecraft.stone_axe":1,"stat.entityKilledBy.primitivemobs.rocket_creeper":1,"stat.pickup.iceandfire.chared_cobblestone":15,"stat.pickup.minecraft.leather_boots":1,"stat.craftItem.minecraft.iron_shovel":1,"stat.pickup.minecraft.brown_mushroom":1,"stat.drop.minecraft.sand":33,"stat.pickup.iceandfire.silver_ingot":5,"stat.craftItem.iceandfire.silver_ingot":15,"stat.pickup.zoocraftdiscoveries.gemsbok_leather":2,"stat.useItem.minecraft.iron_pickaxe":211,"stat.pickup.minecraft.stained_hardened_clay":4,"stat.killEntity.myrmex_worker":1,"stat.craftItem.minecraft.wooden_pickaxe":1,"stat.useItem.minecraft.iron_shovel":60,"stat.pickup.minecraft.double_plant":10,"stat.craftItem.minecraft.bed":1,"stat.furnaceInteraction":63,"stat.pickup.aether_legacy.enchanter":1,"stat.killEntity.ZombieVillager":2,"stat.pickup.minecraft.beef":8,"stat.useItem.minecraft.red_sandstone":4,"stat.entityKilledBy.primitivemobs.goblin":1,"stat.mineBlock.minecraft.stained_hardened_clay":4,"stat.pickup.minecraft.potion":1,"stat.pickup.thaumcraft.crystal_essence":32,"stat.useItem.iceandfire.chared_dirt":15,"stat.killEntity.Husk":2,"stat.craftItem.iceandfire.myrmex_desert_boots":1,"stat.pickup.minecraft.emerald":14,"stat.entityKilledBy.mimic":1,"stat.useItem.minecraft.beef":2,"stat.deaths":83,"stat.pickup.minecraft.bowl":1,"stat.drop.zoocraftdiscoveries.gemsbok_leather":2,"stat.pickup.minecraft.egg":23,"stat.pickup.aether_legacy.dart":2,"stat.mineBlock.aether_legacy.aercloud":54,"stat.useItem.aether_legacy.mossy_holystone":1,"stat.mineBlock.minecraft.stone_pressure_plate":3,"stat.craftItem.minecraft.iron_pickaxe":1,"stat.drop.minecraft.glass_bottle":9,"stat.drop.minecraft.torch":1,"stat.craftItem.minecraft.cooked_mutton":13,"stat.mineBlock.minecraft.tallgrass":45,"stat.pickup.minecraft.cooked_mutton":8,"stat.chestOpened":227,"stat.useItem.minecraft.splash_potion":1,"stat.killEntity.phyg":7,"stat.killEntity.primitivemobs.brain_slime":4,"stat.pickup.minecraft.arrow":9,"stat.pickup.minecraft.gold_nugget":641,"stat.useItem.aether_legacy.dungeon_block":9,"stat.drop.minecraft.iron_pickaxe":1,"stat.pickup.zoocraftdiscoveries.seed_mint":3,"stat.pickup.iceandfire.silver_nugget":156,"stat.killEntity.primitivemobs.filch_lizard":4,"stat.drop.iceandfire.myrmex_resin_sticky":2,"stat.mineBlock.aether_legacy.skyroot_plank":3,"stat.pickup.aether_legacy.gravitite_ore":2,"stat.crouchOneCm":82080,"stat.craftingTableInteraction":73,"stat.pickup.iceandfire.myrmex_desert_resin":35,"stat.useItem.aether_legacy.holystone":143,"stat.mineBlock.minecraft.log2":7,"stat.drop.minecraft.double_plant":10,"stat.mineBlock.aether_legacy.mossy_holystone":1,"stat.drop.zoocraftdiscoveries.seed_sage":1,"stat.craftItem.iceandfire.myrmex_desert_leggings":2,"stat.pickup.minecraft.dye":1,"stat.pickup.minecraft.planks":12,"stat.pickup.aether_legacy.aercloud":59,"stat.killEntity.cockatrice":5,"stat.mineBlock.minecraft.dirt":7,"stat.mineBlock.iceandfire.sapphire_ore":1,"stat.killEntity.moa":1,"stat.drop.minecraft.rotten_flesh":11,"stat.useItem.minecraft.cobblestone":144,"stat.mineBlock.thaumcraft.crystal_aer":7,"stat.pickup.zoocraftdiscoveries.seed_dill":1,"stat.pickup.minecraft.golden_hoe":1,"stat.pickup.minecraft.iron_pickaxe":1,"stat.drop.minecraft.iron_ore":1,"stat.craftItem.minecraft.gold_ingot":78,"stat.drop.minecraft.sapling":3,"stat.pickup.minecraft.chicken":8,"stat.drop.minecraft.gold_nugget":13,"stat.pickup.thaumcraft.vishroom":2,"stat.pickup.minecraft.apple":1,"stat.pickup.iceandfire.myrmex_stinger":2,"stat.craftItem.minecraft.planks":76,"stat.useItem.minecraft.iron_sword":486,"stat.pickup.iceandfire.dragonscales_green":27,"stat.pickup.iceandfire.dragonegg_blue":1,"stat.pickup.minecraft.book":3,"stat.drop.thaumcraft.crystal_essence":12,"stat.mineBlock.minecraft.log":16,"stat.craftItem.xlfoodmod.fried_egg":16,"stat.mineBlock.minecraft.waterlily":1,"stat.useItem.carryon.entity_item":3,"stat.pickup.iceandfire.dragonbone":46,"stat.killEntity.primitivemobs.lily_lurker":3,"stat.pickup.minecraft.red_flower":4,"stat.pickup.minecraft.wool":9,"stat.killEntity.siren":2,"stat.craftItem.thaumcraft.plank_greatwood":124,"stat.pickup.thaumcraft.log_greatwood":31,"stat.pickup.zoocraftdiscoveries.seed_bay":2,"stat.cakeSlicesEaten":4,"stat.useItem.minecraft.iron_axe":44,"stat.mineBlock.minecraft.cobblestone":21,"stat.drop.xlfoodmod.onion":1,"stat.pickup.minecraft.flint":2,"stat.mineBlock.iceandfire.chared_stone":8,"stat.pickup.aether_legacy.holystone":187,"stat.craftItem.minecraft.wool":7,"stat.pickup.minecraft.enchanted_book":1,"stat.pickup.minecraft.glowstone":1,"stat.mineBlock.thaumcraft.ore_amber":5,"stat.useItem.minecraft.cookie":1,"stat.killEntity.swet":1,"stat.useItem.minecraft.stone_slab2":131,"stat.pickup.minecraft.bow":3,"stat.pickup.minecraft.iron_boots":3,"stat.killEntity.deathworm":10,"stat.craftItem.minecraft.furnace":2,"stat.pickup.aether_legacy.skyroot_sapling":1,"stat.useItem.minecraft.egg":7,"stat.craftItem.minecraft.iron_boots":3,"stat.entityKilledBy.myrmex_worker":7,"stat.craftItem.minecraft.cooked_beef":6,"stat.mineBlock.minecraft.obsidian":8,"stat.pickup.iceandfire.myrmex_resin":11,"stat.pickup.aether_legacy.aether_dirt":4,"stat.flyOneCm":2790816,"stat.pickup.minecraft.sandstone":53,"stat.useItem.iceandfire.iceandfire.deathworm_egg":1,"stat.useItem.iceandfire.chared_stone":5,"stat.pickup.iceandfire.dragonsteel_fire_chestplate":1,"stat.pickup.iceandfire.myrmex_desert_biolight":5,"stat.timeSinceDeath":3484,"stat.drop.iceandfire.armor_gray_boots":1,"stat.pickup.travelersbackpack.travelers_backpack":17,"stat.drop.iceandfire.dragonsteel_fire_chestplate":1,"stat.killEntity.seaserpent":1,"stat.mineBlock.minecraft.coal_ore":28,"stat.entityKilledBy.myrmex_queen":1,"stat.drop.zoocraftdiscoveries.seed_chive":1,"stat.pickup.minecraft.shield":1,"stat.talkedToVillager":22,"stat.pickup.minecraft.wooden_sword":1,"stat.pickup.iceandfire.sea_serpent_fang":2,"stat.pickup.minecraft.string":16,"stat.useItem.minecraft.written_book":1,"stat.sprintOneCm":1190567,"stat.useItem.aether_legacy.aercloud":23,"stat.pickup.minecraft.bone_block":14,"stat.useItem.carryon.tile_item":1,"stat.mineBlock.minecraft.diamond_ore":7,"stat.useItem.minecraft.snowball":2,"stat.pickup.aether_legacy.sentry_boots":2,"stat.pickup.zoocraftdiscoveries.seed_rosemary":2,"stat.mineBlock.thaumcraft.loot_urn_common":4,"stat.killEntity.primitivemobs.harpy":1,"stat.mineBlock.aether_legacy.aether_log":6,"stat.killEntity.Zombie":16,"stat.craftItem.minecraft.dye":4,"stat.pickup.aether_legacy.skyroot_stick":4,"stat.pickup.iceandfire.chared_dirt":21,"stat.entityKilledBy.myrmex_royal":3,"stat.mineBlock.minecraft.gold_ore":1,"stat.drop.aether_legacy.regeneration_stone":2,"stat.diveOneCm":171332,"stat.entityKilledBy.deathworm":6,"stat.pickup.aether_legacy.freezer":1,"stat.useItem.iceandfire.myrmex_resin":7,"stat.craftItem.minecraft.cooked_porkchop":15,"stat.useItem.minecraft.chicken":2,"stat.drop.aether_legacy.victory_medal":10,"stat.pickup.minecraft.obsidian":8,"stat.useItem.minecraft.rotten_flesh":15,"stat.pickup.aether_legacy.dungeon_block":16,"stat.pickup.xlfoodmod.onion":1,"stat.drop.minecraft.sandstone":40,"stat.jump":11258,"stat.useItem.minecraft.sand":24,"stat.pickup.minecraft.coal":79,"stat.pickup.minecraft.iron_ingot":5,"stat.pickup.iceandfire.chared_gravel":24,"stat.drop.minecraft.wooden_sword":1,"stat.pickup.iceandfire.chared_stone":10,"stat.craftItem.minecraft.torch":64,"stat.pickup.thaumcraft.plank_greatwood":13,"stat.pickup.minecraft.dirt":8,"stat.pickup.iceandfire.fire_dragon_heart":1,"stat.pickup.minecraft.gold_ore":1,"stat.pickup.iceandfire.iceandfire.deathworm_egg":2,"stat.pickup.minecraft.red_sandstone":8,"stat.pickup.minecraft.iron_axe":1,"stat.mineBlock.minecraft.glass_pane":4,"stat.damageTaken":30527,"stat.mineBlock.iceandfire.myrmex_desert_biolight":11,"stat.mineBlock.minecraft.red_flower":4,"stat.mineBlock.minecraft.torch":5,"stat.drop.zoocraftdiscoveries.seed_oregano":2,"stat.pickup.minecraft.ender_eye":1,"stat.pickup.minecraft.log2":7,"stat.craftItem.minecraft.glowstone":12,"stat.craftItem.aether_legacy.skyroot_plank":24,"stat.pickup.zoocraftdiscoveries.seed_saffron":1,"stat.pickup.minecraft.bed":5,"stat.killEntity.hippogryph":4,"stat.pickup.minecraft.quartz_block":1,"stat.pickup.xlfoodmod.rice_seeds":2,"stat.entityKilledBy.Zombie":2,"stat.pickup.minecraft.diamond_axe":1,"stat.mineBlock.aether_legacy.enchanter":1,"stat.mineBlock.aether_legacy.holystone":148,"stat.pickup.iceandfire.chared_grass":1,"stat.drop.zoocraftdiscoveries.seed_lemongrass":1,"stat.useItem.minecraft.chest":2,"stat.pickup.iceandfire.armor_gray_chestplate":1,"stat.drop.iceandfire.chared_dirt":6,"stat.pickup.aether_legacy.aether_log":6,"stat.shulkerBoxOpened":3,"stat.pickup.iceandfire.desert_myrmex_cocoon":2,"stat.useItem.minecraft.stained_hardened_clay":1,"stat.pickup.minecraft.ender_pearl":4,"stat.killEntity.primitivemobs.traveling_merchant":1,"stat.mineBlock.aether_legacy.aether_grass":6,"stat.craftItem.travelersbackpack.sleeping_bag_bottom":2,"stat.mineBlock.minecraft.tnt":9,"stat.pickup.aether_legacy.icestone":1,"stat.pickup.zoocraftdiscoveries.seed_thyme":1,"stat.drop.aether_legacy.aether_dirt":1,"stat.mineBlock.minecraft.glowstone":18,"stat.mobKills":137,"stat.useItem.minecraft.boat":3,"stat.pickup.minecraft.diamond":9,"stat.pickup.minecraft.torch":8,"stat.pickup.thaumcraft.brain":2,"stat.drop.minecraft.arrow":4,"stat.killEntity.firedragon":1,"stat.pickup.aether_legacy.zanite_gemstone":1,"stat.drop.minecraft.mutton":9,"stat.useItem.iceandfire.fire_dragon_flesh":6,"stat.mineBlock.thaumcraft.ore_quartz":2,"stat.killEntity.sheepuff":1,"stat.craftItem.aether_legacy.holystone_pickaxe":1,"stat.drop.minecraft.shield":1,"stat.useItem.minecraft.mutton":1,"stat.pickup.aether_legacy.incubator":1,"stat.useItem.minecraft.planks":10,"stat.pickup.minecraft.glowstone_dust":50,"stat.drop.minecraft.bowl":3,"stat.pickup.minecraft.porkchop":27,"stat.entityKilledBy.myrmex_sentinel":1,"stat.mineBlock.thaumcraft.log_greatwood":31,"stat.useItem.minecraft.water_bucket":5,"stat.pickup.minecraft.sand":204,"stat.pickup.minecraft.splash_potion":1,"stat.entityKilledBy.primitivemobs.skeleton_warrior":2,"stat.mineBlock.aether_legacy.gravitite_ore":2,"stat.pickup.aether_legacy.skyroot_plank":10,"stat.pickup.aether_legacy.invisibility_cape":10,"stat.entityKilledBy.firedragon":25,"stat.pickup.zoocraftdiscoveries.seed_oregano":3,"stat.drop.xlfoodmod.corn_seeds":1,"stat.mineBlock.minecraft.sand":193,"stat.pickup.iceandfire.ash":1,"stat.craftItem.iceandfire.dragon_stick":1,"stat.pickup.zoocraftdiscoveries.seed_chive":1,"stat.drop.iceandfire.myrmex_desert_biolight":2,"stat.trappedChestTriggered":2,"stat.mineBlock.iceandfire.silverpile":25,"stat.pickup.iceandfire.rotten_egg":1,"stat.pickup.iceandfire.dragon_skull":5,"stat.killEntity.zoocraftdiscoveries.gemsbok":1,"stat.pickup.xlfoodmod.lettuce_seeds":3,"stat.drop.minecraft.purple_shulker_box":4,"stat.useItem.minecraft.cooked_mutton":32,"stat.pickup.minecraft.furnace":4,"stat.pickup.aether_legacy.golden_parachute":1,"stat.mineBlock.minecraft.end_bricks":3,"stat.pickup.aether_legacy.ambrosium_shard":45,"stat.mineBlock.aether_legacy.aether_leaves":1,"stat.craftItem.travelersbackpack.travelers_backpack":4,"stat.useItem.aether_legacy.skyroot_bucket":1,"stat.mineBlock.thaumcraft.cinderpearl":1,"stat.pickup.minecraft.iron_chestplate":2,"stat.pickup.minecraft.skull":1,"stat.mineBlock.thaumcraft.vishroom":1,"stat.useItem.aether_legacy.skyroot_plank":3,"stat.pickup.thaumcraft.nugget":3,"stat.drop.zoocraftdiscoveries.seed_rosemary":1,"stat.useItem.aether_legacy.holystone_pickaxe":141,"stat.playOneMinute":499684,"stat.drop.xlfoodmod.lettuce_seeds":3,"stat.pickup.aether_legacy.regeneration_stone":2,"stat.drop.aether_legacy.dungeon_block":5,"stat.pickup.minecraft.iron_bars":17,"stat.pickup.minecraft.netherrack":13,"stat.pickup.iceandfire.myrmex_desert_chitin":33,"stat.mineBlock.minecraft.netherrack":1,"stat.pickup.minecraft.waterlily":4,"stat.mineBlock.minecraft.ice":3,"stat.craftItem.iceandfire.myrmex_desert_helmet":2,"stat.drop.minecraft.flint":1,"stat.drop.iceandfire.myrmex_desert_chestplate":1,"stat.mineBlock.minecraft.gold_block":4,"stat.fallOneCm":357871,"stat.drop.minecraft.stone":6,"stat.craftItem.aether_legacy.skyroot_stick":4,"stat.pickup.iceandfire.pixie_dust":2,"stat.craftItem.minecraft.chest":2,"stat.pickup.minecraft.red_mushroom":9,"stat.killEntity.primitivemobs.chameleon":1,"stat.pickup.iceandfire.lectern":4,"stat.mineBlock.aether_legacy.icestone":1,"stat.pickup.primitivemobs.goblin_mace":1,"stat.pickup.minecraft.feather":38,"stat.drop.minecraft.bone":3,"stat.pickup.minecraft.iron_leggings":1,"stat.useItem.minecraft.stone_pickaxe":267,"stat.craftItem.minecraft.iron_leggings":1,"stat.useItem.minecraft.wool":1,"stat.drop.minecraft.reeds":1,"stat.craftItem.iceandfire.myrmex_desert_chestplate":2,"stat.useItem.minecraft.iron_bars":9,"stat.mineBlock.iceandfire.myrmex_resin":14,"stat.useItem.minecraft.bone_block":6,"stat.useItem.minecraft.torch":97,"stat.pickup.minecraft.crafting_table":21,"stat.craftItem.minecraft.crafting_table":3,"stat.craftItem.minecraft.boat":3,"stat.mineBlock.minecraft.emerald_ore":14,"stat.drop.iceandfire.myrmex_desert_leggings":1,"stat.pickup.minecraft.redstone_block":1,"stat.pickup.minecraft.log":21,"stat.useItem.minecraft.cooked_fish":2,"stat.pickup.minecraft.sapling":8,"stat.pickup.aether_legacy.dungeon_key":1,"stat.craftItem.iceandfire.bestiary":1,"stat.pickup.iceandfire.armor_gray_boots":1,"stat.drop.minecraft.bow":1,"stat.mineBlock.iceandfire.goldpile":120,"stat.drop.aether_legacy.swet_cape":1,"stat.craftItem.minecraft.cooked_chicken":2,"stat.pickup.iceandfire.pixie_house":1,"stat.pickup.aether_legacy.swet_cape":1,"stat.useItem.aether_legacy.aether_dirt":2,"stat.sneakTime":27626,"stat.pickup.thaumcraft.amber":6,"stat.pickup.minecraft.stone_slab":2,"stat.pickup.minecraft.chest":3,"stat.craftItem.iceandfire.lectern":1,"stat.pickup.minecraft.bone":6,"stat.useItem.minecraft.mushroom_stew":2,"stat.pickup.minecraft.stone_pressure_plate":3,"stat.killEntity.myrmex_sentinel":1,"stat.drop.minecraft.red_mushroom":5,"stat.useItem.xlfoodmod.fried_egg":16,"stat.drop.zoocraftdiscoveries.seed_mint":1,"stat.drop.aether_legacy.holystone":12,"stat.useItem.minecraft.diamond_sword":79,"stat.pickup.iceandfire.deathworm_chitin":29,"stat.swimOneCm":125299,"stat.pickup.zoocraftdiscoveries.frogspawn":1,"stat.climbOneCm":5973,"stat.killEntity.mimic":5,"stat.useItem.minecraft.dirt":4,"stat.pickup.zoocraftdiscoveries.seed_basil":2,"stat.drop.zoocraftdiscoveries.seed_saffron":1,"stat.craftItem.minecraft.stone_pickaxe":2,"stat.drop.iceandfire.myrmex_resin":3,"stat.pickup.minecraft.cobblestone":117,"stat.pickup.aether_legacy.mossy_holystone":2,"stat.pickup.minecraft.gold_block":4,"stat.mineBlock.minecraft.redstone_block":1,"stat.useItem.minecraft.stone_shovel":130,"stat.pickup.minecraft.glass_bottle":5,"stat.mineBlock.iceandfire.lectern":4,"stat.pickup.aether_legacy.blue_berry":16,"stat.useItem.minecraft.cooked_beef":8,"stat.useItem.aether_legacy.blue_berry":16,"stat.useItem.thaumcraft.plank_greatwood":20,"stat.pickup.minecraft.mutton":20,"stat.pickup.minecraft.mossy_cobblestone":1,"stat.killEntity.primitivemobs.void_eye":3,"stat.pickup.minecraft.stonebrick":6,"stat.mineBlock.thaumcraft.plank_greatwood":13,"stat.useItem.minecraft.cooked_porkchop":23,"stat.pickup.minecraft.iron_shovel":1,"stat.pickup.minecraft.trapdoor":1,"stat.mineBlock.minecraft.nether_brick":1,"stat.pickup.xlfoodmod.corn_seeds":1,"stat.craftItem.minecraft.stone_slab2":0,"stat.drop.aether_legacy.agility_cape":1,"stat.mineBlock.aether_legacy.freezer":1,"stat.entityKilledBy.myrmex_soldier":20,"stat.craftItem.minecraft.stick":32,"stat.useItem.minecraft.stone_slab":1,"stat.mineBlock.minecraft.crafting_table":22,"stat.mineBlock.minecraft.quartz_block":20,"stat.useItem.minecraft.diamond_pickaxe":62,"stat.useItem.aether_legacy.ambrosium_torch":9,"stat.drop":121,"stat.mineBlock.aether_legacy.zanite_ore":1,"stat.killEntity.Sheep":7,"stat.useItem.iceandfire.chared_cobblestone":12,"stat.pickup.minecraft.slime_ball":6,"stat.pickup.zoocraftdiscoveries.seed_sage":2,"stat.killEntity.primitivemobs.treasure_slime":4,"stat.useItem.iceandfire.rotten_egg":1,"stat.killEntity.primitivemobs.haunted_tool":1,"stat.useItem.iceandfire.myrmex_resin_sticky":2,"stat.mineBlock.iceandfire.desert_myrmex_cocoon":2,"stat.pickup.minecraft.purple_shulker_box":4,"stat.useItem.minecraft.waterlily":4,"stat.useItem.minecraft.apple":4,"stat.useItem.minecraft.porkchop":18,"stat.useItem.minecraft.potion":6,"stat.killEntity.primitivemobs.support_creeper":1,"stat.craftItem.travelersbackpack.backpack_tank":4,"stat.pickup.minecraft.iron_helmet":1,"stat.useItem.minecraft.stone_axe":74,"stat.pickup.minecraft.spider_eye":2,"stat.killEntity.primitivemobs.goblin":2,"stat.drop.minecraft.bed":1,"stat.useItem.minecraft.cooked_chicken":2,"stat.pickup.thaumcraft.cinderpearl":1,"stat.pickup.minecraft.iron_ore":1,"stat.drop.iceandfire.chared_grass":1,"stat.pickup.iceandfire.shiny_scales":6,"stat.boatOneCm":201413,"stat.entityKilledBy.primitivemobs.haunted_tool":1,"stat.mineBlock.minecraft.iron_bars":21,"stat.pickup.xlfoodmod.tomato_seeds":1,"stat.pickup.minecraft.leather":13,"stat.mineBlock.iceandfire.pixie_house":2,"stat.mineBlock.minecraft.furnace":4,"stat.useItem.minecraft.wooden_pickaxe":4,"stat.pickup.minecraft.prismarine_shard":3,"stat.mineBlock.iceandfire.chared_cobblestone":14,"stat.drop.aether_legacy.sentry_boots":1,"stat.pickup.iceandfire.sapphire_gem":1,"stat.drop.minecraft.red_sandstone":3,"stat.drop.iceandfire.myrmex_desert_helmet":1,"stat.pickup.minecraft.prismarine_crystals":5,"stat.pickup.minecraft.reeds":1,"stat.pickup.minecraft.oak_stairs":3,"stat.damageDealt":33510,"stat.craftItem.minecraft.glass":28,"stat.sleepInBed":10,"stat.killEntity.if_pixie":3,"stat.killEntity.Cow":5,"stat.useItem.minecraft.crafting_table":1,"stat.pickup.aether_legacy.victory_medal":15,"stat.killEntity.Pig":5,"stat.mineBlock.iceandfire.chared_dirt":1,"stat.craftItem.minecraft.stone_shovel":1,"stat.pickup.minecraft.boat":1,"stat.walkOneCm":1123442,"stat.drop.iceandfire.armor_gray_chestplate":1,"stat.pickup.minecraft.stick":2,"stat.pickup.zoocraftdiscoveries.seed_lemongrass":1,"stat.craftItem.aether_legacy.cold_parachute":1,"stat.drop.minecraft.diamond_axe":1,"stat.mineBlock.aether_legacy.incubator":1,"stat.drop.zoocraftdiscoveries.seed_bay":1,"stat.craftItem.aether_legacy.golden_parachute":1,"stat.drop.xlfoodmod.rice_seeds":2,"stat.pickup.minecraft.tnt":9,"stat.pickup.minecraft.stone":7,"stat.mineBlock.minecraft.wool":2,"stat.mineBlock.thaumcraft.crystal_ignis":2,"stat.pickup.iceandfire.myrmex_resin_sticky":14,"stat.pickup.minecraft.gold_ingot":6,"stat.killEntity.Skeleton":5,"stat.killEntity.Chicken":8,"stat.pickup.iceandfire.sea_serpent_scales_red":5,"stat.killEntity.Spider":3,"stat.pickup.minecraft.quartz":2,"stat.useItem.minecraft.golden_apple":1,"stat.mineBlock.minecraft.leaves":21,"stat.mineBlock.minecraft.bone_block":15,"stat.drop.xlfoodmod.tomato_seeds":1,"stat.mineBlock.minecraft.stone":97,"stat.useItem.minecraft.sandstone":7}