{"stat.useItem.minecraft.iron_axe":8,"stat.leaveGame":7,"stat.mineBlock.minecraft.cobblestone":32,"stat.mineBlock.thaumcraft.ore_quartz":2,"stat.killEntity.zoocraftdiscoveries.gecko":1,"stat.craftItem.minecraft.iron_axe":1,"stat.killEntity.zoocraftdiscoveries.chinchilla":2,"stat.swimOneCm":14969,"stat.craftItem.minecraft.shield":1,"stat.climbOneCm":723,"stat.mineBlock.thaumcraft.ore_amber":20,"stat.pickup.minecraft.porkchop":32,"stat.useItem.minecraft.dirt":7,"stat.useItem.minecraft.stone_slab2":38,"stat.craftItem.minecraft.furnace":3,"stat.useItem.minecraft.egg":2,"stat.craftItem.minecraft.stone_axe":1,"stat.entityKilledBy.primitivemobs.rocket_creeper":1,"stat.craftItem.minecraft.iron_boots":1,"stat.craftItem.minecraft.stone_pickaxe":2,"stat.pickup.minecraft.cobblestone":669,"stat.flyOneCm":504687,"stat.entityKilledBy.firedragon":2,"stat.pickup.zoocraftdiscoveries.seed_oregano":1,"stat.pickup.minecraft.brown_mushroom":1,"stat.pickup.zoocraftdiscoveries.seed_chive":1,"stat.mineBlock.minecraft.iron_ore":80,"stat.timeSinceDeath":77530,"stat.useItem.minecraft.iron_pickaxe":699,"stat.craftItem.minecraft.wooden_pickaxe":2,"stat.pickup.minecraft.mutton":13,"stat.craftItem.minecraft.bed":2,"stat.furnaceInteraction":66,"stat.useItem.minecraft.cooked_porkchop":7,"stat.pickup.iceandfire.dragon_skull":3,"stat.mineBlock.minecraft.coal_ore":63,"stat.drop.zoocraftdiscoveries.seed_chive":1,"stat.talkedToVillager":2,"stat.entityKilledBy.primitivemobs.baby_spider":1,"stat.pickup.minecraft.furnace":6,"stat.useItem.minecraft.cooked_mutton":8,"stat.craftItem.minecraft.stone_slab2":0,"stat.useItem.minecraft.written_book":2,"stat.sprintOneCm":272646,"stat.craftItem.minecraft.wooden_axe":1,"stat.craftItem.minecraft.stick":28,"stat.mineBlock.thaumcraft.vishroom":1,"stat.useItem.minecraft.snowball":12,"stat.pickup.thaumcraft.crystal_essence":150,"stat.mineBlock.minecraft.crafting_table":5,"stat.pickup.xlfoodmod.salt":12,"stat.pickup.thaumcraft.nugget":2,"stat.drop.zoocraftdiscoveries.seed_rosemary":1,"stat.pickup.zoocraftdiscoveries.seed_rosemary":2,"stat.deaths":9,"stat.drop":7,"stat.pickup.minecraft.egg":2,"stat.mineBlock.thaumcraft.crystal_aqua":4,"stat.playOneMinute":144636,"stat.killEntity.Sheep":11,"stat.craftItem.minecraft.iron_pickaxe":3,"stat.pickup.minecraft.snowball":12,"stat.mineBlock.xlfoodmod.rock_salt":5,"stat.craftItem.minecraft.cooked_mutton":19,"stat.mineBlock.minecraft.tallgrass":10,"stat.diveOneCm":6202,"stat.pickup.minecraft.cooked_mutton":11,"stat.chestOpened":10,"stat.useItem.minecraft.stone":11,"stat.drop.minecraft.wooden_pickaxe":1,"stat.pickup.thaumcraft.curio":1,"stat.useItem.iceandfire.pixie_dust":2,"stat.craftItem.minecraft.cooked_porkchop":16,"stat.craftItem.iceandfire.armor_red_helmet":1,"stat.pickup.minecraft.stone_axe":1,"stat.useItem.minecraft.apple":1,"stat.useItem.minecraft.porkchop":2,"stat.jump":2421,"stat.pickup.minecraft.coal":108,"stat.fallOneCm":64568,"stat.pickup.minecraft.iron_ingot":1,"stat.drop.minecraft.stone":8,"stat.useItem.minecraft.stone_axe":36,"stat.crouchOneCm":41564,"stat.pickup.iceandfire.pixie_dust":2,"stat.craftItem.minecraft.iron_ingot":81,"stat.entityKilledBy.primitivemobs.mother_spider":1,"stat.craftItem.minecraft.torch":20,"stat.craftItem.minecraft.chest":4,"stat.pickup.minecraft.dirt":61,"stat.craftItem.minecraft.iron_helmet":1,"stat.pickup.minecraft.melon":7,"stat.useItem.minecraft.cooked_chicken":2,"stat.craftingTableInteraction":24,"stat.pickup.minecraft.iron_ore":89,"stat.pickup.minecraft.wooden_pickaxe":1,"stat.pickup.minecraft.feather":11,"stat.damageTaken":3800,"stat.mineBlock.iceandfire.pixie_house":1,"stat.mineBlock.minecraft.furnace":6,"stat.mineBlock.minecraft.melon_block":2,"stat.mineBlock.minecraft.torch":3,"stat.useItem.minecraft.wooden_pickaxe":14,"stat.dispenserInspected":1,"stat.useItem.minecraft.furnace":4,"stat.drop.zoocraftdiscoveries.seed_oregano":1,"stat.pickup.iceandfire.dragonscales_red":5,"stat.pickup.minecraft.bed":5,"stat.useItem.minecraft.stone_pickaxe":157,"stat.craftItem.minecraft.iron_leggings":1,"stat.pickup.iceandfire.dragon_stick":1,"stat.damageDealt":3287,"stat.sleepInBed":10,"stat.mineBlock.minecraft.dirt":48,"stat.killEntity.Pig":8,"stat.craftItem.minecraft.iron_sword":1,"stat.walkOneCm":184363,"stat.useItem.minecraft.torch":14,"stat.useItem.minecraft.chest":3,"stat.pickup.minecraft.crafting_table":5,"stat.pickup.minecraft.clay_ball":1,"stat.useItem.minecraft.cobblestone":147,"stat.craftItem.minecraft.crafting_table":3,"stat.mineBlock.thaumcraft.crystal_aer":23,"stat.pickup.minecraft.log":48,"stat.useItem.minecraft.melon":7,"stat.mineBlock.thaumcraft.crystal_terra":12,"stat.pickup.minecraft.stone":73,"stat.craftItem.minecraft.iron_chestplate":1,"stat.pickup.minecraft.chicken":6,"stat.pickup.minecraft.sapling":12,"stat.pickup.thaumcraft.vishroom":1,"stat.killEntity.primitivemobs.traveling_merchant":2,"stat.pickup.iceandfire.dragonscales_gray":1,"stat.pickup.minecraft.apple":1,"stat.useItem.minecraft.fireworks":18,"stat.pickup.zoocraftdiscoveries.chinchilla_leather":6,"stat.pickup.thaumcraft.ore_cinnabar":1,"stat.craftItem.minecraft.planks":128,"stat.useItem.minecraft.iron_sword":10,"stat.killEntity.Chicken":6,"stat.mobKills":31,"stat.useItem.thaumcraft.curio":1,"stat.mineBlock.minecraft.log":44,"stat.pickup.minecraft.quartz":2,"stat.craftItem.minecraft.cooked_chicken":3,"stat.useItem.carryon.entity_item":3,"stat.pickup.iceandfire.pixie_house":2,"stat.drop.minecraft.written_book":1,"stat.mineBlock.minecraft.leaves":21,"stat.pickup.minecraft.torch":5,"stat.sneakTime":19074,"stat.pickup.thaumcraft.amber":30,"stat.pickup.minecraft.wool":11,"stat.mineBlock.thaumcraft.crystal_perditio":7,"stat.drop.minecraft.stone_axe":1,"stat.craftItem.thaumcraft.quicksilver":1,"stat.useItem.minecraft.wooden_axe":22,"stat.mineBlock.minecraft.stone":617,"stat.mineBlock.thaumcraft.ore_cinnabar":1}