{"stat.useItem.minecraft.bow":56,"stat.pickup.iceandfire.fire_dragon_flesh":1,"stat.leaveGame":15,"stat.killEntity.zoocraftdiscoveries.gecko":1,"stat.drop.minecraft.gunpowder":2,"stat.killEntity.zoocraftdiscoveries.chinchilla":2,"stat.mineBlock.aether_legacy.ambrosium_ore":8,"stat.mineBlock.iceandfire.myrmex_resin_sticky":2,"stat.mineBlock.minecraft.sandstone":11,"stat.craftItem.minecraft.shield":3,"stat.drop.minecraft.feather":6,"stat.mineBlock.aether_legacy.crystal_leaves":17,"stat.killEntity.primitivemobs.skeleton_warrior":5,"stat.pickup.minecraft.rotten_flesh":13,"stat.pickup.minecraft.brick_block":2,"stat.craftItem.minecraft.stone_axe":1,"stat.entityKilledBy.primitivemobs.rocket_creeper":2,"stat.pickup.iceandfire.chared_cobblestone":4,"stat.pickup.minecraft.bucket":1,"stat.killEntity.Enderman":1,"stat.pickup.minecraft.brown_mushroom":1,"stat.drop.minecraft.sand":41,"stat.drop.minecraft.gold_ingot":15,"stat.craftItem.iceandfire.silver_ingot":8,"stat.pickup.iceandfire.silver_ingot":5,"stat.pickup.zoocraftdiscoveries.gemsbok_leather":4,"stat.useItem.minecraft.iron_pickaxe":1295,"stat.craftItem.minecraft.wooden_pickaxe":2,"stat.mineBlock.minecraft.brick_block":2,"stat.drop.minecraft.cooked_mutton":4,"stat.craftItem.minecraft.bed":2,"stat.craftItem.minecraft.glass_pane":48,"stat.furnaceInteraction":171,"stat.mineBlock.aether_legacy.berry_bush":6,"stat.drop.minecraft.red_flower":2,"stat.killEntity.primitivemobs.trollager":1,"stat.pickup.minecraft.beef":67,"stat.pickup.minecraft.hay_block":47,"stat.pickup.minecraft.potion":1,"stat.pickup.mowziesmobs.barakoa_mask_rage":1,"stat.mineBlock.minecraft.fence":3,"stat.pickup.thaumcraft.crystal_essence":340,"stat.pickup.xlfoodmod.salt":12,"stat.killEntity.Husk":1,"stat.pickup.minecraft.emerald":1,"stat.deaths":36,"stat.pickup.minecraft.bowl":1,"stat.drop.aether_legacy.aechor_petal":1,"stat.pickup.minecraft.egg":9,"stat.mineBlock.aether_legacy.aercloud":37,"stat.pickup.aether_legacy.dart":3,"stat.craftItem.minecraft.iron_pickaxe":7,"stat.drop.minecraft.glass_bottle":1,"stat.craftItem.minecraft.cooked_mutton":21,"stat.mineBlock.minecraft.tallgrass":65,"stat.pickup.minecraft.cooked_mutton":79,"stat.chestOpened":354,"stat.killEntity.phyg":1,"stat.useItem.minecraft.stone":20,"stat.pickup.minecraft.arrow":10,"stat.useItem.iceandfire.pixie_dust":2,"stat.pickup.minecraft.wooden_pressure_plate":6,"stat.pickup.minecraft.gold_nugget":88,"stat.useItem.aether_legacy.dungeon_block":3,"stat.drop.minecraft.iron_pickaxe":1,"stat.killEntity.primitivemobs.filch_lizard":3,"stat.mineBlock.aether_legacy.skyroot_plank":11,"stat.drop.minecraft.stone_sword":1,"stat.pickup.aether_legacy.gravitite_ore":2,"stat.crouchOneCm":119329,"stat.mineBlock.minecraft.chest":5,"stat.craftItem.minecraft.diamond":9,"stat.craftItem.minecraft.iron_ingot":145,"stat.craftingTableInteraction":63,"stat.mineBlock.minecraft.wooden_pressure_plate":1,"stat.pickup.iceandfire.silver_ore":8,"stat.useItem.aether_legacy.holystone":67,"stat.drop.aether_legacy.diamond_gloves":2,"stat.pickup.minecraft.wooden_pickaxe":1,"stat.useItem.minecraft.reeds":2,"stat.pickup.minecraft.dye":51,"stat.pickup.minecraft.planks":40,"stat.pickup.minecraft.wheat_seeds":8,"stat.pickup.aether_legacy.aercloud":40,"stat.killEntity.cockatrice":1,"stat.pickup.aether_legacy.zanite_leggings":1,"stat.mineBlock.minecraft.dirt":62,"stat.pickup.aether_legacy.ambrosium_torch":9,"stat.useItem.minecraft.bread":19,"stat.mineBlock.iceandfire.silver_ore":8,"stat.useItem.minecraft.cobblestone":596,"stat.mineBlock.thaumcraft.crystal_aer":23,"stat.pickup.zoocraftdiscoveries.seed_dill":2,"stat.pickup.minecraft.iron_pickaxe":2,"stat.mineBlock.thaumcraft.crystal_terra":13,"stat.craftItem.minecraft.gold_ingot":18,"stat.pickup.minecraft.chicken":8,"stat.pickup.thaumcraft.vishroom":1,"stat.pickup.minecraft.apple":4,"stat.useItem.minecraft.fireworks":18,"stat.useItem.minecraft.glass_pane":29,"stat.craftItem.minecraft.bucket":1,"stat.craftItem.minecraft.planks":420,"stat.useItem.minecraft.iron_sword":72,"stat.itemEnchanted":1,"stat.pickup.minecraft.stone_sword":3,"stat.pickup.minecraft.book":42,"stat.mineBlock.minecraft.log":111,"stat.craftItem.minecraft.wooden_door":3,"stat.useItem.carryon.entity_item":19,"stat.useItem.aether_legacy.zanite_pickaxe":382,"stat.useItem.minecraft.wooden_door":1,"stat.pickup.minecraft.red_flower":2,"stat.pickup.minecraft.wool":14,"stat.useItem.minecraft.wooden_axe":22,"stat.mineBlock.thaumcraft.ore_cinnabar":1,"stat.useItem.minecraft.iron_axe":102,"stat.mineBlock.minecraft.cobblestone":132,"stat.pickup.aether_legacy.holystone":137,"stat.mineBlock.thaumcraft.ore_amber":28,"stat.killEntity.sentry":1,"stat.useItem.minecraft.stone_slab2":177,"stat.pickup.minecraft.bow":2,"stat.craftItem.minecraft.furnace":6,"stat.useItem.minecraft.egg":6,"stat.craftItem.minecraft.iron_boots":1,"stat.craftItem.minecraft.cooked_beef":7,"stat.killEntity.Firebat":2,"stat.pickup.iceandfire.myrmex_resin":8,"stat.pickup.aether_legacy.aether_dirt":9,"stat.flyOneCm":2282900,"stat.pickup.minecraft.sandstone":38,"stat.pickup.iceandfire.myrmex_desert_biolight":25,"stat.timeSinceDeath":8998,"stat.pickup.travelersbackpack.travelers_backpack":2,"stat.mineBlock.minecraft.coal_ore":118,"stat.drop.zoocraftdiscoveries.seed_chive":1,"stat.pickup.minecraft.shield":1,"stat.talkedToVillager":241,"stat.pickup.minecraft.wooden_sword":1,"stat.pickup.minecraft.string":11,"stat.useItem.minecraft.written_book":2,"stat.sprintOneCm":1491091,"stat.useItem.aether_legacy.aercloud":16,"stat.drop.minecraft.leather":7,"stat.mineBlock.minecraft.stone_slab":11,"stat.craftItem.minecraft.wooden_axe":1,"stat.useItem.carryon.tile_item":1,"stat.useItem.minecraft.snowball":12,"stat.mineBlock.minecraft.diamond_ore":1,"stat.pickup.aether_legacy.sentry_boots":1,"stat.useItem.iceandfire.silver_shovel":5,"stat.pickup.zoocraftdiscoveries.seed_rosemary":2,"stat.drop.zoocraftdiscoveries.seed_parsley":1,"stat.craftItem.aether_legacy.zanite_pickaxe":2,"stat.killEntity.primitivemobs.harpy":1,"stat.mineBlock.aether_legacy.aether_log":35,"stat.craftItem.minecraft.emerald":9,"stat.killEntity.Zombie":4,"stat.pickup.minecraft.snowball":12,"stat.mineBlock.xlfoodmod.rock_salt":5,"stat.entityKilledBy.myrmex_royal":5,"stat.useItem.iceandfire.myrmex_desert_biolight":1,"stat.drop.aether_legacy.regeneration_stone":3,"stat.diveOneCm":70292,"stat.pickup.minecraft.wheat":3,"stat.craftItem.aether_legacy.zanite_helmet":1,"stat.craftItem.minecraft.cooked_porkchop":19,"stat.useItem.minecraft.chicken":2,"stat.pickup.minecraft.stone_axe":1,"stat.pickup.minecraft.obsidian":1,"stat.useItem.minecraft.rotten_flesh":5,"stat.pickup.aether_legacy.dungeon_block":17,"stat.drop.minecraft.apple":1,"stat.craftItem.minecraft.diamond_sword":1,"stat.jump":9889,"stat.useItem.minecraft.sand":1,"stat.pickup.minecraft.coal":208,"stat.pickup.minecraft.iron_ingot":48,"stat.pickup.aether_legacy.skyroot_bed_item":3,"stat.pickup.minecraft.gunpowder":8,"stat.drop.minecraft.wooden_sword":2,"stat.craftItem.minecraft.torch":68,"stat.pickup.minecraft.dirt":79,"stat.mineBlock.minecraft.lapis_ore":9,"stat.mineBlock.minecraft.glass_pane":8,"stat.brewingstandInteraction":1,"stat.damageTaken":18263,"stat.mineBlock.iceandfire.myrmex_desert_biolight":17,"stat.mineBlock.minecraft.melon_block":2,"stat.mineBlock.minecraft.torch":5,"stat.drop.zoocraftdiscoveries.seed_oregano":1,"stat.craftItem.minecraft.glowstone":7,"stat.craftItem.aether_legacy.skyroot_plank":152,"stat.pickup.zoocraftdiscoveries.seed_saffron":3,"stat.pickup.minecraft.bed":15,"stat.entityKilledBy.Zombie":1,"stat.mineBlock.aether_legacy.holystone":51,"stat.useItem.minecraft.chest":9,"stat.useItem.minecraft.lava_bucket":17,"stat.pickup.aether_legacy.aechor_petal":1,"stat.useItem.minecraft.melon":7,"stat.craftItem.minecraft.wheat":423,"stat.useItem.aether_legacy.zanite_axe":176,"stat.pickup.aether_legacy.aether_log":35,"stat.craftItem.minecraft.iron_chestplate":1,"stat.pickup.minecraft.ender_pearl":12,"stat.killEntity.primitivemobs.traveling_merchant":4,"stat.drop.mca.baby_girl":10,"stat.pickup.minecraft.cooked_beef":1,"stat.useItem.minecraft.netherrack":8,"stat.mineBlock.aether_legacy.aether_grass":1,"stat.pickup.aether_legacy.icestone":1,"stat.craftItem.aether_legacy.golden_gloves":1,"stat.drop.aether_legacy.aether_dirt":3,"stat.pickup.zoocraftdiscoveries.seed_thyme":1,"stat.mineBlock.minecraft.glowstone":10,"stat.pickup.aether_legacy.zanite_chestplate":1,"stat.mobKills":114,"stat.pickup.aether_legacy.golden_gloves":2,"stat.mineBlock.minecraft.bookshelf":14,"stat.craftItem.minecraft.shears":1,"stat.drop.minecraft.written_book":1,"stat.pickup.minecraft.diamond":1,"stat.pickup.minecraft.torch":10,"stat.pickup.thaumcraft.brain":1,"stat.drop.minecraft.stone_axe":1,"stat.craftItem.thaumcraft.quicksilver":1,"stat.pickup.aether_legacy.zanite_gemstone":35,"stat.drop.minecraft.mutton":2,"stat.useItem.minecraft.end_bricks":1,"stat.useItem.iceandfire.fire_dragon_flesh":1,"stat.drop.iceandfire.silver_shovel":1,"stat.mineBlock.thaumcraft.ore_quartz":2,"stat.craftItem.minecraft.iron_axe":1,"stat.killEntity.sheepuff":3,"stat.useItem.minecraft.planks":68,"stat.pickup.minecraft.glowstone_dust":29,"stat.pickup.minecraft.porkchop":34,"stat.useItem.minecraft.water_bucket":18,"stat.drop.travelersbackpack.travelers_backpack":1,"stat.pickup.minecraft.sand":49,"stat.pickup.minecraft.splash_potion":1,"stat.killEntity.primitivemobs.festive_creeper":1,"stat.mineBlock.aether_legacy.gravitite_ore":2,"stat.pickup.minecraft.name_tag":1,"stat.pickup.aether_legacy.skyroot_plank":101,"stat.useItem.minecraft.ender_pearl":2,"stat.mineBlock.aether_legacy.ambrosium_torch":1,"stat.entityKilledBy.firedragon":3,"stat.pickup.zoocraftdiscoveries.seed_oregano":1,"stat.mineBlock.minecraft.sand":3,"stat.pickup.zoocraftdiscoveries.seed_chive":1,"stat.craftItem.minecraft.wooden_hoe":1,"stat.pickup.aether_legacy.agility_cape":6,"stat.drop.iceandfire.myrmex_desert_biolight":1,"stat.pickup.mca.matchmakers_ring":1,"stat.useItem.minecraft.oak_stairs":97,"stat.useItem.mowziesmobs.spear":63,"stat.pickup.iceandfire.dragon_skull":10,"stat.killEntity.zoocraftdiscoveries.gemsbok":1,"stat.pickup.minecraft.furnace":19,"stat.useItem.minecraft.cooked_mutton":64,"stat.drop.mca.baby_boy":1,"stat.mineBlock.minecraft.end_bricks":2,"stat.pickup.aether_legacy.ambrosium_shard":8,"stat.mineBlock.aether_legacy.aether_leaves":4,"stat.useItem.aether_legacy.skyroot_bucket":61,"stat.mineBlock.thaumcraft.cinderpearl":1,"stat.useItem.minecraft.stone_stairs":4,"stat.mineBlock.thaumcraft.vishroom":1,"stat.pickup.minecraft.stone_stairs":6,"stat.useItem.aether_legacy.skyroot_plank":151,"stat.pickup.thaumcraft.nugget":5,"stat.drop.zoocraftdiscoveries.seed_rosemary":1,"stat.mineBlock.minecraft.oak_stairs":7,"stat.playOneMinute":628709,"stat.pickup.aether_legacy.regeneration_stone":3,"stat.drop.aether_legacy.dungeon_block":9,"stat.pickup.aether_legacy.white_apple":14,"stat.pickup.minecraft.netherrack":23,"stat.mineBlock.minecraft.netherrack":24,"stat.craftItem.iceandfire.armor_red_helmet":1,"stat.mineBlock.minecraft.gold_block":1,"stat.pickup.minecraft.cooked_chicken":5,"stat.fallOneCm":355668,"stat.drop.minecraft.stone":8,"stat.craftItem.aether_legacy.skyroot_stick":12,"stat.pickup.iceandfire.pixie_dust":2,"stat.craftItem.minecraft.chest":10,"stat.pickup.minecraft.melon":7,"stat.mineBlock.aether_legacy.icestone":1,"stat.pickup.minecraft.feather":18,"stat.drop.minecraft.bone":3,"stat.useItem.minecraft.furnace":6,"stat.pickup.iceandfire.dragonscales_red":5,"stat.craftItem.mca.rose_gold_ingot":4,"stat.pickup.minecraft.iron_leggings":1,"stat.useItem.minecraft.stone_pickaxe":157,"stat.craftItem.minecraft.iron_leggings":1,"stat.pickup.iceandfire.dragon_stick":1,"stat.craftItem.minecraft.oak_stairs":96,"stat.killEntity.primitivemobs.baby_spider":3,"stat.drop.minecraft.reeds":1,"stat.mineBlock.iceandfire.myrmex_resin":10,"stat.useItem.minecraft.torch":38,"stat.pickup.minecraft.crafting_table":19,"stat.craftItem.minecraft.crafting_table":5,"stat.pickup.minecraft.log":121,"stat.drop.minecraft.stonebrick":2,"stat.pickup.minecraft.sapling":16,"stat.pickup.minecraft.wooden_door":2,"stat.pickup.iceandfire.dragonscales_gray":1,"stat.pickup.zoocraftdiscoveries.chinchilla_leather":6,"stat.drop.minecraft.bow":2,"stat.mineBlock.iceandfire.goldpile":16,"stat.drop.aether_legacy.swet_cape":1,"stat.useItem.minecraft.wooden_pressure_plate":1,"stat.craftItem.minecraft.cooked_chicken":6,"stat.pickup.iceandfire.pixie_house":2,"stat.drop.aether_legacy.aercloud":8,"stat.sneakTime":49615,"stat.pickup.thaumcraft.amber":76,"stat.mineBlock.thaumcraft.crystal_perditio":7,"stat.drop.minecraft.bucket":1,"stat.pickup.minecraft.stone_slab":27,"stat.pickup.minecraft.chest":11,"stat.pickup.minecraft.bone":9,"stat.useItem.xlfoodmod.fried_egg":1,"stat.useItem.minecraft.diamond_sword":123,"stat.drop.aether_legacy.holystone":31,"stat.swimOneCm":86392,"stat.climbOneCm":52022,"stat.killEntity.mimic":3,"stat.useItem.minecraft.dirt":16,"stat.drop.minecraft.quartz":2,"stat.killEntity.primitivemobs.mother_spider":1,"stat.drop.zoocraftdiscoveries.seed_saffron":1,"stat.craftItem.minecraft.stone_pickaxe":2,"stat.drop.iceandfire.myrmex_resin":3,"stat.pickup.minecraft.cobblestone":1269,"stat.pickup.aether_legacy.mossy_holystone":9,"stat.mineBlock.minecraft.carpet":1,"stat.pickup.minecraft.gold_block":1,"stat.drop.aether_legacy.iron_ring":1,"stat.pickup.minecraft.glass_bottle":2,"stat.drop.minecraft.wheat_seeds":7,"stat.pickup.aether_legacy.blue_berry":9,"stat.useItem.minecraft.cooked_beef":2,"stat.pickup.aether_legacy.moa_egg":1,"stat.drop.minecraft.clay_ball":1,"stat.pickup.minecraft.redstone":4,"stat.mineBlock.minecraft.iron_ore":164,"stat.useItem.aether_legacy.blue_berry":5,"stat.pickup.minecraft.mutton":17,"stat.pickup.minecraft.stonebrick":6,"stat.useItem.minecraft.cooked_porkchop":19,"stat.pickup.minecraft.carpet":1,"stat.entityKilledBy.primitivemobs.baby_spider":1,"stat.craftItem.minecraft.stone_slab2":0,"stat.drop.aether_legacy.agility_cape":5,"stat.entityKilledBy.myrmex_soldier":10,"stat.pickup.aether_legacy.diamond_gloves":1,"stat.craftItem.minecraft.stick":48,"stat.craftItem.iceandfire.silver_shovel":1,"stat.mineBlock.minecraft.crafting_table":18,"stat.useItem.minecraft.diamond_pickaxe":13,"stat.useItem.aether_legacy.ambrosium_torch":12,"stat.mineBlock.minecraft.planks":34,"stat.drop":90,"stat.mineBlock.thaumcraft.crystal_aqua":4,"stat.mineBlock.aether_legacy.zanite_ore":35,"stat.drop.aether_legacy.dart":1,"stat.killEntity.Sheep":11,"stat.useItem.iceandfire.chared_cobblestone":2,"stat.craftItem.minecraft.diamond_pickaxe":1,"stat.killEntity.primitivemobs.treasure_slime":2,"stat.pickup.zoocraftdiscoveries.seed_parsley":4,"stat.killEntity.primitivemobs.haunted_tool":1,"stat.drop.aether_legacy.golden_gloves":2,"stat.drop.minecraft.wooden_pickaxe":1,"stat.pickup.thaumcraft.curio":3,"stat.useItem.minecraft.glass_bottle":4,"stat.useItem.minecraft.apple":1,"stat.useItem.minecraft.porkchop":4,"stat.useItem.minecraft.potion":3,"stat.killEntity.primitivemobs.support_creeper":1,"stat.pickup.minecraft.diamond_sword":1,"stat.pickup.minecraft.fence":4,"stat.pickup.thaumcraft.quicksilver":2,"stat.useItem.minecraft.stone_axe":36,"stat.craftItem.minecraft.bread":141,"stat.entityKilledBy.primitivemobs.mother_spider":1,"stat.killEntity.primitivemobs.goblin":2,"stat.craftItem.minecraft.iron_helmet":1,"stat.useItem.minecraft.cooked_chicken":7,"stat.pickup.thaumcraft.cinderpearl":1,"stat.pickup.minecraft.iron_ore":178,"stat.pickup.aether_legacy.skyroot_bucket":2,"stat.mineBlock.minecraft.leaves2":2,"stat.mineBlock.minecraft.stone_stairs":6,"stat.pickup.minecraft.leather":44,"stat.mineBlock.iceandfire.pixie_house":1,"stat.mineBlock.minecraft.furnace":17,"stat.useItem.minecraft.wooden_pickaxe":14,"stat.dispenserInspected":4,"stat.mineBlock.iceandfire.chared_cobblestone":4,"stat.drop.aether_legacy.sentry_boots":2,"stat.craftItem.aether_legacy.zanite_chestplate":1,"stat.pickup.minecraft.reeds":15,"stat.pickup.minecraft.oak_stairs":7,"stat.damageDealt":22555,"stat.craftItem.minecraft.glass":24,"stat.sleepInBed":21,"stat.pickup.minecraft.end_bricks":3,"stat.killEntity.Cow":30,"stat.useItem.minecraft.crafting_table":4,"stat.pickup.aether_legacy.victory_medal":3,"stat.killEntity.Pig":8,"stat.craftItem.minecraft.iron_sword":1,"stat.walkOneCm":1124872,"stat.playerKills":2,"stat.pickup.minecraft.stick":1,"stat.pickup.minecraft.clay_ball":2,"stat.craftItem.aether_legacy.cold_parachute":1,"stat.pickup.minecraft.stone":162,"stat.pickup.zoocraftdiscoveries.seed_coriander":2,"stat.mineBlock.thaumcraft.crystal_ignis":1,"stat.pickup.iceandfire.myrmex_resin_sticky":2,"stat.pickup.minecraft.gold_ingot":32,"stat.killEntity.Skeleton":3,"stat.pickup.thaumcraft.ore_cinnabar":3,"stat.killEntity.Chicken":7,"stat.drop.aether_legacy.skyroot_stick":4,"stat.pickup.minecraft.bread":3,"stat.useItem.thaumcraft.curio":3,"stat.pickup.minecraft.quartz":6,"stat.entityKilledBy.Husk":1,"stat.pickup.mowziesmobs.barakoa_mask_bliss":1,"stat.mineBlock.minecraft.leaves":28,"stat.mineBlock.minecraft.redstone_ore":1,"stat.drop.minecraft.beef":3,"stat.mineBlock.minecraft.hay_block":47,"stat.mineBlock.minecraft.stone":1098,"stat.useItem.minecraft.sandstone":17,"stat.craftItem.aether_legacy.zanite_leggings":1}