{"stat.craftItem.iceandfire.silver_sword":1,"stat.drop.aether_legacy.invisibility_cape":1,"stat.leaveGame":12,"stat.drop.minecraft.gunpowder":1,"stat.mineBlock.aether_legacy.ambrosium_ore":2,"stat.mineBlock.iceandfire.myrmex_resin_sticky":3,"stat.killEntity.primitivemobs.blazing_juggernaut":1,"stat.mineBlock.minecraft.sandstone":11,"stat.mineBlock.minecraft.stained_glass":2,"stat.mineBlock.minecraft.web":72,"stat.drop.minecraft.feather":4,"stat.mineBlock.minecraft.red_sandstone":18,"stat.drop.minecraft.iron_sword":5,"stat.killEntity.primitivemobs.skeleton_warrior":9,"stat.pickup.minecraft.rotten_flesh":38,"stat.killEntity.Enderman":1,"stat.pickup.iceandfire.silver_ingot":7,"stat.useItem.minecraft.iron_pickaxe":220,"stat.pickup.minecraft.stained_hardened_clay":4,"stat.pickup.minecraft.double_plant":9,"stat.drop.aether_legacy.icestone":2,"stat.mineBlock.minecraft.vine":2,"stat.furnaceInteraction":42,"stat.killEntity.ZombieVillager":3,"stat.mineBlock.aether_legacy.berry_bush":66,"stat.pickup.aether_legacy.golden_oak_sapling":1,"stat.pickup.minecraft.beef":6,"stat.useItem.minecraft.red_sandstone":4,"stat.entityKilledBy.primitivemobs.goblin":1,"stat.drop.aether_legacy.blue_berry":18,"stat.pickup.minecraft.leather_helmet":2,"stat.mineBlock.minecraft.stained_hardened_clay":4,"stat.pickup.mca.rose_gold_ore":5,"stat.pickup.minecraft.potion":5,"stat.pickup.mowziesmobs.barakoa_mask_rage":3,"stat.pickup.thaumcraft.crystal_essence":87,"stat.killEntity.Husk":2,"stat.useItem.iceandfire.chared_dirt":3,"stat.pickup.minecraft.emerald":1,"stat.useItem.minecraft.dye":19,"stat.deaths":31,"stat.pickup.minecraft.bowl":1,"stat.drop.aether_legacy.aechor_petal":2,"stat.mineBlock.aether_legacy.aercloud":11,"stat.killEntity.primitivemobs.rocket_creeper":2,"stat.useItem.aether_legacy.mossy_holystone":6,"stat.useItem.aether_legacy.holy_sword":88,"stat.craftItem.minecraft.iron_pickaxe":1,"stat.drop.minecraft.glass_bottle":6,"stat.mineBlock.minecraft.tallgrass":54,"stat.chestOpened":505,"stat.killEntity.phyg":5,"stat.useItem.minecraft.stone":21,"stat.pickup.minecraft.iron_sword":6,"stat.pickup.minecraft.arrow":32,"stat.pickup.minecraft.gold_nugget":314,"stat.useItem.aether_legacy.dungeon_block":14,"stat.drop.minecraft.iron_pickaxe":2,"stat.pickup.zoocraftdiscoveries.seed_mint":2,"stat.killEntity.primitivemobs.filch_lizard":6,"stat.pickup.minecraft.carrot":1,"stat.pickup.iceandfire.deathworm_white_helmet":1,"stat.crouchOneCm":29958,"stat.mineBlock.minecraft.chest":2,"stat.craftItem.minecraft.iron_ingot":12,"stat.craftingTableInteraction":17,"stat.pickup.iceandfire.myrmex_desert_resin":6,"stat.useItem.aether_legacy.holystone":45,"stat.mineBlock.minecraft.log2":1,"stat.drop.minecraft.double_plant":7,"stat.mineBlock.aether_legacy.mossy_holystone":6,"stat.useItem.iceandfire.dragonsteel_fire_sword":6,"stat.pickup.minecraft.planks":81,"stat.pickup.minecraft.wheat_seeds":7,"stat.mineBlock.aether_legacy.aether_dirt":1,"stat.pickup.aether_legacy.aercloud":15,"stat.killEntity.cockatrice":1,"stat.mineBlock.minecraft.dirt":2,"stat.pickup.aether_legacy.ambrosium_torch":3,"stat.entityKilledBy.primitivemobs.blazing_juggernaut":2,"stat.useItem.minecraft.bread":53,"stat.drop.minecraft.rotten_flesh":24,"stat.drop.minecraft.porkchop":3,"stat.useItem.minecraft.cobblestone":69,"stat.drop.minecraft.golden_hoe":1,"stat.mineBlock.minecraft.double_plant":5,"stat.pickup.zoocraftdiscoveries.seed_dill":1,"stat.pickup.minecraft.golden_hoe":1,"stat.pickup.minecraft.iron_pickaxe":2,"stat.mineBlock.thaumcraft.crystal_terra":3,"stat.drop.minecraft.carrot":1,"stat.craftItem.minecraft.gold_ingot":34,"stat.drop.minecraft.sapling":2,"stat.drop.minecraft.gold_nugget":3,"stat.pickup.minecraft.apple":9,"stat.pickup.iceandfire.myrmex_stinger":1,"stat.craftItem.minecraft.planks":64,"stat.useItem.minecraft.iron_sword":540,"stat.mineBlock.thaumcraft.crystal_ordo":5,"stat.pickup.iceandfire.dragonscales_green":2,"stat.drop.zoocraftdiscoveries.seed_tarragon":1,"stat.drop.thaumcraft.crystal_essence":7,"stat.pickup.minecraft.book":1,"stat.useItem.minecraft.stonebrick":40,"stat.mineBlock.minecraft.log":17,"stat.useItem.carryon.entity_item":1,"stat.useItem.aether_legacy.zanite_pickaxe":172,"stat.pickup.iceandfire.dragonbone":10,"stat.drop.minecraft.leather_leggings":1,"stat.drop.iceandfire.dragonsteel_fire_leggings":1,"stat.pickup.minecraft.wool":4,"stat.pickup.minecraft.red_sandstone_stairs":1,"stat.mineBlock.minecraft.cobblestone":7,"stat.mineBlock.iceandfire.chared_stone":2,"stat.pickup.aether_legacy.holystone":59,"stat.pickup.minecraft.leather_chestplate":4,"stat.drop.minecraft.cobblestone":24,"stat.pickup.minecraft.cooked_porkchop":1,"stat.useItem.minecraft.stone_slab2":98,"stat.pickup.minecraft.bow":1,"stat.pickup.minecraft.iron_boots":1,"stat.useItem.minecraft.egg":2,"stat.craftItem.minecraft.iron_boots":1,"stat.craftItem.minecraft.cooked_beef":3,"stat.pickup.iceandfire.myrmex_resin":9,"stat.pickup.aether_legacy.aether_dirt":1,"stat.flyOneCm":1627982,"stat.pickup.minecraft.sandstone":42,"stat.useItem.iceandfire.chared_stone":2,"stat.entityKilledBy.Wisp":1,"stat.pickup.iceandfire.myrmex_desert_biolight":1,"stat.timeSinceDeath":18859,"stat.drop.minecraft.spider_eye":2,"stat.drop.aether_legacy.skyroot_bucket":1,"stat.pickup.travelersbackpack.travelers_backpack":9,"stat.drop.iceandfire.dragonsteel_fire_chestplate":1,"stat.useItem.minecraft.potato":2,"stat.mineBlock.minecraft.coal_ore":19,"stat.drop.zoocraftdiscoveries.seed_chive":1,"stat.pickup.minecraft.shield":2,"stat.talkedToVillager":61,"stat.pickup.minecraft.wooden_sword":1,"stat.pickup.minecraft.string":94,"stat.entityKilledBy.Skeleton":1,"stat.useItem.minecraft.written_book":2,"stat.sprintOneCm":1566082,"stat.useItem.aether_legacy.aercloud":1,"stat.mineBlock.minecraft.stone_slab":4,"stat.pickup.iceandfire.myrmex_desert_chestplate":1,"stat.useItem.carryon.tile_item":3,"stat.pickup.aether_legacy.sentry_boots":2,"stat.pickup.mowziesmobs.barakoa_mask_fear":2,"stat.pickup.zoocraftdiscoveries.seed_rosemary":2,"stat.pickup.minecraft.leather_leggings":1,"stat.pickup.iceandfire.silver_shovel":1,"stat.mineBlock.aether_legacy.aether_log":1,"stat.craftItem.minecraft.emerald":4,"stat.killEntity.Zombie":29,"stat.craftItem.minecraft.dye":21,"stat.pickup.iceandfire.chared_dirt":6,"stat.entityKilledBy.myrmex_royal":2,"stat.useItem.xlfoodmod.hot_dog":3,"stat.diveOneCm":116013,"stat.pickup.minecraft.wheat":1,"stat.pickup.zoocraftdiscoveries.seed_tarragon":2,"stat.useItem.iceandfire.myrmex_resin":1,"stat.craftItem.minecraft.cooked_porkchop":10,"stat.useItem.iceandfire.silver_sword":15,"stat.drop.aether_legacy.victory_medal":2,"stat.pickup.aether_legacy.dungeon_block":21,"stat.jump":9503,"stat.pickup.minecraft.coal":19,"stat.pickup.minecraft.iron_ingot":51,"stat.drop.minecraft.diamond_sword":1,"stat.pickup.iceandfire.chared_gravel":4,"stat.pickup.minecraft.gunpowder":6,"stat.drop.minecraft.wooden_sword":1,"stat.pickup.iceandfire.chared_stone":7,"stat.pickup.minecraft.dirt":6,"stat.pickup.minecraft.red_sandstone":8,"stat.pickup.minecraft.iron_axe":2,"stat.damageTaken":18799,"stat.mineBlock.iceandfire.myrmex_desert_biolight":1,"stat.mineBlock.minecraft.torch":11,"stat.pickup.minecraft.written_book":1,"stat.mineBlock.minecraft.sandstone_stairs":1,"stat.entityKilledBy.ZombieVillager":1,"stat.pickup.minecraft.quartz_block":3,"stat.pickup.minecraft.potato":2,"stat.entityKilledBy.Zombie":2,"stat.drop.thaumcraft.brain":3,"stat.mineBlock.aether_legacy.holystone":37,"stat.pickup.iceandfire.chared_grass":1,"stat.drop.zoocraftdiscoveries.seed_lemongrass":1,"stat.useItem.minecraft.chest":2,"stat.drop.minecraft.wheat":1,"stat.pickup.aether_legacy.aechor_petal":2,"stat.shulkerBoxOpened":20,"stat.craftItem.minecraft.iron_chestplate":1,"stat.useItem.minecraft.stained_hardened_clay":2,"stat.killEntity.primitivemobs.traveling_merchant":1,"stat.drop.mca.baby_girl":1,"stat.pickup.minecraft.cooked_beef":3,"stat.useItem.minecraft.netherrack":30,"stat.killEntity.flying_cow":2,"stat.pickup.aether_legacy.icestone":1,"stat.mineBlock.minecraft.stonebrick":9,"stat.pickup.iceandfire.myrmex_desert_leggings":1,"stat.pickup.zoocraftdiscoveries.seed_thyme":2,"stat.mineBlock.minecraft.glowstone":1,"stat.mobKills":160,"stat.entityKilledBy.hippogryph":1,"stat.drop.minecraft.written_book":1,"stat.pickup.minecraft.beetroot_seeds":4,"stat.pickup.minecraft.torch":90,"stat.pickup.thaumcraft.brain":4,"stat.drop.minecraft.arrow":1,"stat.mineBlock.thaumcraft.ore_quartz":1,"stat.mineBlock.minecraft.purple_shulker_box":7,"stat.useItem.minecraft.mutton":9,"stat.useItem.minecraft.planks":5,"stat.pickup.minecraft.golden_boots":1,"stat.pickup.minecraft.glowstone_dust":25,"stat.drop.minecraft.bowl":2,"stat.pickup.minecraft.porkchop":23,"stat.pickup.minecraft.blaze_powder":2,"stat.mineBlock.aether_legacy.dungeon_block":20,"stat.drop.travelersbackpack.travelers_backpack":4,"stat.pickup.minecraft.sand":47,"stat.entityKilledBy.Spider":2,"stat.killEntity.primitivemobs.festive_creeper":3,"stat.entityKilledBy.primitivemobs.skeleton_warrior":2,"stat.pickup.aether_legacy.skyroot_plank":4,"stat.pickup.aether_legacy.invisibility_cape":2,"stat.mineBlock.aether_legacy.ambrosium_torch":3,"stat.pickup.zoocraftdiscoveries.seed_oregano":1,"stat.entityKilledBy.firedragon":2,"stat.mineBlock.minecraft.sand":4,"stat.pickup.iceandfire.ash":1,"stat.pickup.zoocraftdiscoveries.seed_chive":2,"stat.useItem.minecraft.oak_stairs":3,"stat.pickup.iceandfire.dragon_skull":1,"stat.pickup.iceandfire.myrmex_desert_helmet":1,"stat.useItem.minecraft.cooked_mutton":3,"stat.drop.mca.baby_boy":1,"stat.pickup.aether_legacy.ambrosium_shard":2,"stat.mineBlock.aether_legacy.aether_leaves":2,"stat.pickup.minecraft.iron_chestplate":2,"stat.pickup.minecraft.skull":1,"stat.useItem.aether_legacy.skyroot_plank":2,"stat.useItem.minecraft.pumpkin_pie":3,"stat.drop.zoocraftdiscoveries.seed_rosemary":2,"stat.mineBlock.iceandfire.chared_gravel":6,"stat.playOneMinute":517859,"stat.drop.minecraft.string":13,"stat.pickup.aether_legacy.regeneration_stone":1,"stat.pickup.minecraft.diamond_block":1,"stat.pickup.minecraft.iron_bars":10,"stat.pickup.aether_legacy.holy_sword":3,"stat.pickup.minecraft.netherrack":31,"stat.pickup.iceandfire.myrmex_desert_chitin":1,"stat.mineBlock.minecraft.netherrack":4,"stat.drop.iceandfire.dragonsteel_fire_helmet":1,"stat.pickup.minecraft.cooked_chicken":9,"stat.fallOneCm":213841,"stat.drop.minecraft.stone":7,"stat.useItem.iceandfire.chared_gravel":3,"stat.craftItem.minecraft.chest":4,"stat.mineBlock.aether_legacy.icestone":1,"stat.pickup.minecraft.emerald_ore":13,"stat.pickup.minecraft.feather":5,"stat.drop.minecraft.bone":3,"stat.craftItem.mca.rose_gold_ingot":5,"stat.pickup.minecraft.iron_leggings":2,"stat.mineBlock.minecraft.gravel":1,"stat.craftItem.minecraft.iron_leggings":1,"stat.killEntity.primitivemobs.baby_spider":12,"stat.pickup.minecraft.chainmail_boots":3,"stat.useItem.minecraft.iron_bars":5,"stat.drop.minecraft.iron_axe":1,"stat.mineBlock.minecraft.quartz_stairs":13,"stat.mineBlock.iceandfire.myrmex_resin":7,"stat.useItem.minecraft.torch":184,"stat.pickup.minecraft.golden_apple":1,"stat.craftItem.minecraft.crafting_table":2,"stat.mineBlock.minecraft.emerald_ore":15,"stat.pickup.minecraft.log":16,"stat.useItem.minecraft.cooked_fish":9,"stat.killEntity.primitivemobs.grovesprite":1,"stat.pickup.minecraft.sapling":4,"stat.pickup.minecraft.beetroot":1,"stat.mineBlock.iceandfire.goldpile":67,"stat.drop.aether_legacy.swet_cape":1,"stat.pickup.aether_legacy.swet_cape":2,"stat.useItem.aether_legacy.aether_dirt":3,"stat.sneakTime":7386,"stat.mineBlock.thaumcraft.crystal_perditio":6,"stat.entityKilledBy.Blaze":1,"stat.useItem.minecraft.baked_potato":5,"stat.drop.iceandfire.dragonsteel_fire_boots":1,"stat.pickup.minecraft.stone_slab":9,"stat.useItem.minecraft.beetroot":1,"stat.pickup.minecraft.chest":6,"stat.pickup.minecraft.bone":24,"stat.useItem.minecraft.mushroom_stew":2,"stat.drop.zoocraftdiscoveries.seed_mint":1,"stat.useItem.minecraft.diamond_sword":60,"stat.swimOneCm":103936,"stat.pickup.zoocraftdiscoveries.frogspawn":1,"stat.climbOneCm":50820,"stat.killEntity.mimic":2,"stat.drop.aether_legacy.lightning_sword":1,"stat.killEntity.primitivemobs.mother_spider":2,"stat.pickup.primitivemobs.wonder_sap":1,"stat.drop.xlfoodmod.cheeseburger":26,"stat.pickup.minecraft.cobblestone":150,"stat.pickup.aether_legacy.mossy_holystone":9,"stat.pickup.minecraft.quartz_stairs":7,"stat.pickup.minecraft.glass_bottle":4,"stat.drop.minecraft.wheat_seeds":65,"stat.pickup.aether_legacy.blue_berry":134,"stat.useItem.minecraft.cooked_beef":24,"stat.drop.minecraft.clay_ball":2,"stat.mineBlock.minecraft.iron_ore":10,"stat.useItem.aether_legacy.blue_berry":116,"stat.pickup.minecraft.mutton":9,"stat.pickup.minecraft.mossy_cobblestone":1,"stat.drop.iceandfire.dragonscales_green":1,"stat.pickup.minecraft.stonebrick":16,"stat.useItem.minecraft.cooked_porkchop":11,"stat.pickup.tetra.pristine_diamond":1,"stat.drop.minecraft.beetroot_seeds":4,"stat.mineBlock.minecraft.red_sandstone_stairs":1,"stat.craftItem.minecraft.stone_slab2":0,"stat.pickup.minecraft.sandstone_stairs":2,"stat.entityKilledBy.myrmex_soldier":5,"stat.pickup.aether_legacy.diamond_gloves":1,"stat.drop.zoocraftdiscoveries.seed_dill":1,"stat.craftItem.minecraft.stick":8,"stat.killEntity.myrmex_soldier":1,"stat.mineBlock.minecraft.quartz_block":14,"stat.useItem.aether_legacy.ambrosium_torch":5,"stat.pickup.minecraft.diamond_chestplate":1,"stat.mineBlock.minecraft.planks":1,"stat.drop":237,"stat.drop.aether_legacy.dart":2,"stat.killEntity.Sheep":4,"stat.killEntity.aechor_plant":2,"stat.pickup.zoocraftdiscoveries.seed_parsley":3,"stat.useItem.iceandfire.myrmex_resin_sticky":4,"stat.drop.minecraft.bread":4,"stat.pickup.minecraft.gravel":2,"stat.pickup.minecraft.purple_shulker_box":26,"stat.useItem.minecraft.apple":31,"stat.useItem.minecraft.porkchop":6,"stat.useItem.minecraft.potion":5,"stat.killEntity.primitivemobs.support_creeper":3,"stat.drop.minecraft.cooked_porkchop":1,"stat.pickup.minecraft.iron_helmet":4,"stat.pickup.minecraft.spider_eye":7,"stat.killEntity.primitivemobs.goblin":4,"stat.craftItem.minecraft.iron_helmet":1,"stat.useItem.minecraft.cooked_chicken":13,"stat.pickup.minecraft.iron_ore":10,"stat.mineBlock.mca.rose_gold_ore":5,"stat.boatOneCm":171347,"stat.mineBlock.minecraft.iron_bars":14,"stat.drop.iceandfire.myrmex_stinger":1,"stat.pickup.minecraft.leather":3,"stat.pickup.minecraft.reeds":1,"stat.killEntity.CaveSpider":1,"stat.drop.zoocraftdiscoveries.seed_coriander":1,"stat.damageDealt":33879,"stat.drop.minecraft.cooked_chicken":3,"stat.sleepInBed":6,"stat.pickup.minecraft.end_bricks":1,"stat.pickup.aether_legacy.victory_medal":12,"stat.killEntity.Pig":6,"stat.mineBlock.iceandfire.chared_dirt":5,"stat.walkOneCm":1725569,"stat.pickup.minecraft.stick":3,"stat.pickup.minecraft.clay_ball":2,"stat.pickup.zoocraftdiscoveries.seed_lemongrass":1,"stat.craftItem.aether_legacy.cold_parachute":2,"stat.drop.aether_legacy.holy_sword":2,"stat.mineBlock.aether_legacy.golden_oak_sapling":1,"stat.pickup.minecraft.tnt":2,"stat.drop.minecraft.iron_chestplate":1,"stat.pickup.minecraft.stone":2,"stat.pickup.zoocraftdiscoveries.seed_coriander":2,"stat.mineBlock.thaumcraft.crystal_ignis":9,"stat.pickup.iceandfire.myrmex_resin_sticky":5,"stat.pickup.minecraft.gold_ingot":4,"stat.killEntity.Skeleton":11,"stat.killEntity.Spider":13,"stat.pickup.minecraft.bread":22,"stat.pickup.minecraft.quartz":1,"stat.mineBlock.minecraft.leaves":9,"stat.mineBlock.minecraft.stone":46,"stat.useItem.minecraft.sandstone":2}