{"stat.pickup.minecraft.bone":8,"stat.craftItem.iceandfire.silver_sword":1,"stat.leaveGame":6,"stat.mineBlock.minecraft.cobblestone":4,"stat.pickup.aether_legacy.holystone":59,"stat.mineBlock.aether_legacy.ambrosium_ore":2,"stat.pickup.minecraft.leather_chestplate":4,"stat.drop.zoocraftdiscoveries.seed_mint":1,"stat.mineBlock.iceandfire.myrmex_resin_sticky":3,"stat.killEntity.primitivemobs.blazing_juggernaut":1,"stat.mineBlock.minecraft.sandstone":3,"stat.useItem.minecraft.mutton":9,"stat.mineBlock.minecraft.stained_glass":2,"stat.swimOneCm":30768,"stat.climbOneCm":17774,"stat.killEntity.mimic":2,"stat.pickup.minecraft.golden_boots":1,"stat.pickup.minecraft.glowstone_dust":25,"stat.drop.minecraft.feather":3,"stat.pickup.minecraft.cooked_porkchop":1,"stat.pickup.minecraft.porkchop":19,"stat.pickup.minecraft.blaze_powder":2,"stat.useItem.minecraft.stone_slab2":24,"stat.pickup.minecraft.bow":1,"stat.pickup.minecraft.iron_boots":1,"stat.drop.minecraft.iron_sword":4,"stat.mineBlock.aether_legacy.dungeon_block":20,"stat.killEntity.primitivemobs.skeleton_warrior":1,"stat.pickup.minecraft.rotten_flesh":16,"stat.pickup.minecraft.sand":35,"stat.entityKilledBy.Spider":2,"stat.killEntity.primitivemobs.festive_creeper":1,"stat.craftItem.minecraft.iron_boots":1,"stat.pickup.aether_legacy.skyroot_plank":4,"stat.pickup.minecraft.cobblestone":73,"stat.pickup.iceandfire.myrmex_resin":9,"stat.pickup.aether_legacy.mossy_holystone":9,"stat.pickup.aether_legacy.aether_dirt":1,"stat.flyOneCm":544145,"stat.pickup.minecraft.sandstone":34,"stat.mineBlock.aether_legacy.ambrosium_torch":2,"stat.mineBlock.minecraft.sand":1,"stat.entityKilledBy.Wisp":1,"stat.pickup.aether_legacy.blue_berry":134,"stat.pickup.iceandfire.myrmex_desert_biolight":1,"stat.useItem.minecraft.cooked_beef":3,"stat.pickup.zoocraftdiscoveries.seed_chive":1,"stat.drop.minecraft.clay_ball":2,"stat.timeSinceDeath":8008,"stat.pickup.iceandfire.silver_ingot":7,"stat.useItem.aether_legacy.blue_berry":116,"stat.useItem.minecraft.iron_pickaxe":111,"stat.pickup.minecraft.stained_hardened_clay":3,"stat.pickup.minecraft.mutton":9,"stat.drop.aether_legacy.skyroot_bucket":1,"stat.useItem.minecraft.potato":2,"stat.furnaceInteraction":17,"stat.useItem.minecraft.cooked_porkchop":5,"stat.pickup.tetra.pristine_diamond":1,"stat.pickup.iceandfire.dragon_skull":1,"stat.killEntity.ZombieVillager":1,"stat.drop.minecraft.beetroot_seeds":3,"stat.pickup.minecraft.shield":1,"stat.talkedToVillager":56,"stat.mineBlock.aether_legacy.berry_bush":66,"stat.pickup.minecraft.string":10,"stat.pickup.aether_legacy.golden_oak_sapling":1,"stat.pickup.minecraft.beef":6,"stat.craftItem.minecraft.stone_slab2":0,"stat.pickup.aether_legacy.ambrosium_shard":2,"stat.mineBlock.aether_legacy.aether_leaves":2,"stat.drop.aether_legacy.blue_berry":18,"stat.pickup.minecraft.sandstone_stairs":1,"stat.useItem.minecraft.written_book":2,"stat.mineBlock.minecraft.stained_hardened_clay":4,"stat.sprintOneCm":590950,"stat.useItem.aether_legacy.aercloud":1,"stat.entityKilledBy.myrmex_soldier":5,"stat.pickup.minecraft.iron_chestplate":1,"stat.pickup.aether_legacy.diamond_gloves":1,"stat.craftItem.minecraft.stick":8,"stat.useItem.aether_legacy.skyroot_plank":2,"stat.pickup.thaumcraft.crystal_essence":74,"stat.pickup.aether_legacy.sentry_boots":2,"stat.pickup.mowziesmobs.barakoa_mask_fear":1,"stat.killEntity.myrmex_soldier":1,"stat.killEntity.Husk":2,"stat.useItem.aether_legacy.ambrosium_torch":5,"stat.useItem.minecraft.dye":19,"stat.deaths":16,"stat.drop":52,"stat.drop.aether_legacy.aechor_petal":2,"stat.mineBlock.aether_legacy.aercloud":11,"stat.playOneMinute":233807,"stat.useItem.aether_legacy.mossy_holystone":6,"stat.drop.aether_legacy.dart":2,"stat.useItem.aether_legacy.holy_sword":88,"stat.drop.minecraft.string":2,"stat.killEntity.Sheep":4,"stat.pickup.iceandfire.silver_shovel":1,"stat.mineBlock.aether_legacy.aether_log":1,"stat.craftItem.minecraft.iron_pickaxe":1,"stat.killEntity.aechor_plant":2,"stat.killEntity.Zombie":2,"stat.pickup.zoocraftdiscoveries.seed_parsley":1,"stat.craftItem.minecraft.dye":21,"stat.useItem.iceandfire.myrmex_resin_sticky":4,"stat.pickup.minecraft.iron_bars":2,"stat.entityKilledBy.myrmex_royal":2,"stat.pickup.aether_legacy.holy_sword":3,"stat.mineBlock.minecraft.tallgrass":12,"stat.pickup.minecraft.netherrack":31,"stat.diveOneCm":37401,"stat.chestOpened":97,"stat.killEntity.phyg":5,"stat.pickup.iceandfire.myrmex_desert_chitin":1,"stat.useItem.iceandfire.myrmex_resin":1,"stat.mineBlock.minecraft.netherrack":4,"stat.pickup.minecraft.iron_sword":4,"stat.pickup.minecraft.arrow":13,"stat.craftItem.minecraft.cooked_porkchop":10,"stat.useItem.minecraft.apple":5,"stat.useItem.iceandfire.silver_sword":15,"stat.drop.aether_legacy.victory_medal":2,"stat.useItem.minecraft.porkchop":5,"stat.useItem.aether_legacy.dungeon_block":14,"stat.pickup.aether_legacy.dungeon_block":21,"stat.drop.minecraft.cooked_porkchop":1,"stat.pickup.zoocraftdiscoveries.seed_mint":1,"stat.killEntity.primitivemobs.filch_lizard":2,"stat.jump":4693,"stat.pickup.minecraft.iron_helmet":2,"stat.pickup.minecraft.cooked_chicken":3,"stat.fallOneCm":112919,"stat.pickup.minecraft.iron_ingot":36,"stat.pickup.iceandfire.deathworm_white_helmet":1,"stat.pickup.minecraft.gunpowder":1,"stat.crouchOneCm":20181,"stat.mineBlock.minecraft.chest":2,"stat.pickup.minecraft.spider_eye":2,"stat.craftItem.minecraft.chest":2,"stat.craftItem.minecraft.iron_helmet":1,"stat.useItem.minecraft.cooked_chicken":1,"stat.craftingTableInteraction":10,"stat.pickup.iceandfire.myrmex_desert_resin":6,"stat.useItem.aether_legacy.holystone":45,"stat.mineBlock.minecraft.iron_bars":2,"stat.mineBlock.aether_legacy.icestone":1,"stat.drop.iceandfire.myrmex_stinger":1,"stat.mineBlock.minecraft.log2":1,"stat.damageTaken":8439,"stat.pickup.minecraft.feather":5,"stat.pickup.minecraft.leather":3,"stat.mineBlock.iceandfire.myrmex_desert_biolight":1,"stat.mineBlock.aether_legacy.mossy_holystone":6,"stat.mineBlock.minecraft.torch":1,"stat.pickup.minecraft.written_book":1,"stat.pickup.minecraft.iron_leggings":1,"stat.pickup.minecraft.reeds":1,"stat.pickup.minecraft.wheat_seeds":1,"stat.mineBlock.aether_legacy.aether_dirt":1,"stat.pickup.minecraft.potato":2,"stat.pickup.aether_legacy.aercloud":15,"stat.killEntity.cockatrice":1,"stat.craftItem.minecraft.iron_leggings":1,"stat.drop.zoocraftdiscoveries.seed_coriander":1,"stat.drop.thaumcraft.brain":2,"stat.damageDealt":11796,"stat.mineBlock.aether_legacy.holystone":37,"stat.drop.minecraft.cooked_chicken":3,"stat.sleepInBed":3,"stat.pickup.aether_legacy.victory_medal":12,"stat.pickup.aether_legacy.ambrosium_torch":2,"stat.killEntity.Pig":6,"stat.pickup.minecraft.chainmail_boots":2,"stat.useItem.minecraft.iron_bars":1,"stat.mineBlock.minecraft.quartz_stairs":1,"stat.mineBlock.iceandfire.myrmex_resin":7,"stat.walkOneCm":902302,"stat.useItem.minecraft.torch":30,"stat.useItem.minecraft.bread":3,"stat.useItem.minecraft.chest":1,"stat.pickup.minecraft.stick":2,"stat.drop.minecraft.rotten_flesh":9,"stat.pickup.minecraft.clay_ball":2,"stat.useItem.minecraft.cobblestone":6,"stat.pickup.aether_legacy.aechor_petal":2,"stat.craftItem.aether_legacy.cold_parachute":2,"stat.pickup.minecraft.log":11,"stat.useItem.minecraft.cooked_fish":9,"stat.drop.aether_legacy.holy_sword":2,"stat.mineBlock.aether_legacy.golden_oak_sapling":1,"stat.pickup.minecraft.tnt":1,"stat.mineBlock.thaumcraft.crystal_terra":3,"stat.craftItem.minecraft.iron_chestplate":1,"stat.pickup.zoocraftdiscoveries.seed_coriander":1,"stat.useItem.minecraft.stained_hardened_clay":2,"stat.killEntity.primitivemobs.traveling_merchant":1,"stat.mineBlock.thaumcraft.crystal_ignis":8,"stat.pickup.iceandfire.myrmex_resin_sticky":5,"stat.pickup.minecraft.cooked_beef":3,"stat.useItem.minecraft.netherrack":7,"stat.pickup.iceandfire.myrmex_stinger":1,"stat.killEntity.Skeleton":2,"stat.killEntity.flying_cow":2,"stat.pickup.aether_legacy.icestone":1,"stat.craftItem.minecraft.planks":44,"stat.useItem.minecraft.iron_sword":107,"stat.mineBlock.thaumcraft.crystal_ordo":5,"stat.drop.aether_legacy.swet_cape":1,"stat.killEntity.Spider":5,"stat.mineBlock.minecraft.glowstone":1,"stat.mobKills":56,"stat.mineBlock.minecraft.log":11,"stat.useItem.aether_legacy.zanite_pickaxe":18,"stat.drop.minecraft.written_book":1,"stat.pickup.aether_legacy.swet_cape":2,"stat.pickup.minecraft.beetroot_seeds":3,"stat.pickup.minecraft.torch":2,"stat.pickup.thaumcraft.brain":2,"stat.sneakTime":4301,"stat.pickup.minecraft.wool":4,"stat.mineBlock.thaumcraft.crystal_perditio":6,"stat.useItem.minecraft.baked_potato":2,"stat.pickup.minecraft.chest":5}