{"stat.craftItem.iceandfire.silver_sword":1,"stat.leaveGame":8,"stat.mineBlock.thaumcraft.ore_quartz":1,"stat.mineBlock.aether_legacy.ambrosium_ore":2,"stat.mineBlock.iceandfire.myrmex_resin_sticky":3,"stat.killEntity.primitivemobs.blazing_juggernaut":1,"stat.mineBlock.minecraft.sandstone":4,"stat.useItem.minecraft.mutton":9,"stat.mineBlock.minecraft.stained_glass":2,"stat.pickup.minecraft.golden_boots":1,"stat.pickup.minecraft.glowstone_dust":25,"stat.drop.minecraft.feather":4,"stat.pickup.minecraft.porkchop":19,"stat.pickup.minecraft.blaze_powder":2,"stat.mineBlock.minecraft.red_sandstone":18,"stat.drop.minecraft.iron_sword":5,"stat.mineBlock.aether_legacy.dungeon_block":20,"stat.killEntity.primitivemobs.skeleton_warrior":4,"stat.pickup.minecraft.rotten_flesh":28,"stat.pickup.minecraft.sand":35,"stat.entityKilledBy.Spider":2,"stat.killEntity.primitivemobs.festive_creeper":1,"stat.pickup.aether_legacy.skyroot_plank":4,"stat.mineBlock.aether_legacy.ambrosium_torch":2,"stat.mineBlock.minecraft.sand":1,"stat.pickup.zoocraftdiscoveries.seed_chive":1,"stat.pickup.iceandfire.silver_ingot":7,"stat.useItem.minecraft.iron_pickaxe":133,"stat.pickup.minecraft.stained_hardened_clay":3,"stat.furnaceInteraction":31,"stat.pickup.iceandfire.dragon_skull":1,"stat.killEntity.ZombieVillager":3,"stat.mineBlock.aether_legacy.berry_bush":66,"stat.pickup.iceandfire.myrmex_desert_helmet":1,"stat.pickup.aether_legacy.golden_oak_sapling":1,"stat.pickup.minecraft.beef":6,"stat.useItem.minecraft.cooked_mutton":1,"stat.useItem.minecraft.red_sandstone":4,"stat.pickup.aether_legacy.ambrosium_shard":2,"stat.mineBlock.aether_legacy.aether_leaves":2,"stat.drop.aether_legacy.blue_berry":18,"stat.pickup.minecraft.leather_helmet":2,"stat.mineBlock.minecraft.stained_hardened_clay":4,"stat.pickup.minecraft.iron_chestplate":1,"stat.pickup.mca.rose_gold_ore":5,"stat.useItem.aether_legacy.skyroot_plank":2,"stat.pickup.thaumcraft.crystal_essence":83,"stat.killEntity.Husk":2,"stat.useItem.minecraft.pumpkin_pie":3,"stat.pickup.minecraft.emerald":1,"stat.useItem.minecraft.dye":19,"stat.deaths":18,"stat.drop.aether_legacy.aechor_petal":2,"stat.mineBlock.aether_legacy.aercloud":11,"stat.playOneMinute":290444,"stat.useItem.aether_legacy.mossy_holystone":6,"stat.useItem.aether_legacy.holy_sword":88,"stat.drop.minecraft.string":2,"stat.craftItem.minecraft.iron_pickaxe":1,"stat.pickup.minecraft.iron_bars":6,"stat.pickup.aether_legacy.holy_sword":3,"stat.mineBlock.minecraft.tallgrass":12,"stat.pickup.minecraft.netherrack":31,"stat.chestOpened":210,"stat.killEntity.phyg":5,"stat.pickup.iceandfire.myrmex_desert_chitin":1,"stat.useItem.minecraft.stone":4,"stat.mineBlock.minecraft.netherrack":4,"stat.pickup.minecraft.iron_sword":5,"stat.pickup.minecraft.arrow":18,"stat.useItem.aether_legacy.dungeon_block":14,"stat.drop.minecraft.iron_pickaxe":1,"stat.pickup.zoocraftdiscoveries.seed_mint":1,"stat.killEntity.primitivemobs.filch_lizard":2,"stat.pickup.minecraft.cooked_chicken":3,"stat.fallOneCm":137767,"stat.drop.minecraft.stone":7,"stat.pickup.minecraft.carrot":1,"stat.pickup.iceandfire.deathworm_white_helmet":1,"stat.crouchOneCm":22875,"stat.mineBlock.minecraft.chest":2,"stat.craftItem.minecraft.chest":4,"stat.craftItem.minecraft.iron_ingot":7,"stat.craftingTableInteraction":13,"stat.pickup.iceandfire.myrmex_desert_resin":6,"stat.useItem.aether_legacy.holystone":45,"stat.mineBlock.aether_legacy.icestone":1,"stat.mineBlock.minecraft.log2":1,"stat.drop.minecraft.double_plant":1,"stat.pickup.minecraft.feather":5,"stat.mineBlock.aether_legacy.mossy_holystone":6,"stat.craftItem.mca.rose_gold_ingot":5,"stat.pickup.minecraft.iron_leggings":1,"stat.pickup.minecraft.wheat_seeds":1,"stat.mineBlock.aether_legacy.aether_dirt":1,"stat.pickup.aether_legacy.aercloud":15,"stat.killEntity.cockatrice":1,"stat.craftItem.minecraft.iron_leggings":1,"stat.killEntity.primitivemobs.baby_spider":3,"stat.mineBlock.minecraft.dirt":1,"stat.pickup.aether_legacy.ambrosium_torch":2,"stat.pickup.minecraft.chainmail_boots":3,"stat.useItem.minecraft.iron_bars":3,"stat.mineBlock.minecraft.quartz_stairs":9,"stat.mineBlock.iceandfire.myrmex_resin":7,"stat.useItem.minecraft.torch":121,"stat.useItem.minecraft.bread":5,"stat.drop.minecraft.rotten_flesh":10,"stat.useItem.minecraft.cobblestone":32,"stat.drop.minecraft.golden_hoe":1,"stat.pickup.minecraft.golden_hoe":1,"stat.mineBlock.minecraft.emerald_ore":1,"stat.pickup.minecraft.log":16,"stat.useItem.minecraft.cooked_fish":9,"stat.pickup.minecraft.iron_pickaxe":1,"stat.mineBlock.thaumcraft.crystal_terra":3,"stat.pickup.iceandfire.myrmex_stinger":1,"stat.pickup.minecraft.beetroot":1,"stat.craftItem.minecraft.planks":64,"stat.useItem.minecraft.iron_sword":236,"stat.mineBlock.thaumcraft.crystal_ordo":5,"stat.drop.aether_legacy.swet_cape":1,"stat.drop.thaumcraft.crystal_essence":3,"stat.pickup.minecraft.book":1,"stat.useItem.minecraft.stonebrick":13,"stat.mineBlock.minecraft.log":17,"stat.useItem.aether_legacy.zanite_pickaxe":104,"stat.pickup.aether_legacy.swet_cape":2,"stat.useItem.aether_legacy.aether_dirt":3,"stat.sneakTime":4997,"stat.pickup.minecraft.wool":4,"stat.mineBlock.thaumcraft.crystal_perditio":6,"stat.useItem.minecraft.baked_potato":2,"stat.useItem.minecraft.beetroot":1,"stat.pickup.minecraft.chest":5,"stat.pickup.minecraft.red_sandstone_stairs":1,"stat.pickup.minecraft.bone":11,"stat.mineBlock.minecraft.cobblestone":4,"stat.mineBlock.iceandfire.chared_stone":1,"stat.pickup.aether_legacy.holystone":59,"stat.pickup.minecraft.leather_chestplate":4,"stat.drop.zoocraftdiscoveries.seed_mint":1,"stat.swimOneCm":39244,"stat.climbOneCm":27619,"stat.killEntity.mimic":2,"stat.pickup.minecraft.cooked_porkchop":1,"stat.useItem.minecraft.stone_slab2":37,"stat.pickup.minecraft.bow":1,"stat.pickup.minecraft.iron_boots":1,"stat.killEntity.primitivemobs.mother_spider":1,"stat.useItem.minecraft.egg":2,"stat.craftItem.minecraft.iron_boots":1,"stat.craftItem.minecraft.cooked_beef":3,"stat.pickup.minecraft.cobblestone":74,"stat.pickup.iceandfire.myrmex_resin":9,"stat.pickup.aether_legacy.mossy_holystone":9,"stat.pickup.aether_legacy.aether_dirt":1,"stat.pickup.minecraft.quartz_stairs":7,"stat.flyOneCm":789792,"stat.pickup.minecraft.sandstone":35,"stat.entityKilledBy.Wisp":1,"stat.pickup.aether_legacy.blue_berry":134,"stat.pickup.iceandfire.myrmex_desert_biolight":1,"stat.useItem.minecraft.cooked_beef":18,"stat.drop.minecraft.clay_ball":2,"stat.mineBlock.minecraft.iron_ore":10,"stat.timeSinceDeath":15216,"stat.useItem.aether_legacy.blue_berry":116,"stat.pickup.minecraft.mutton":9,"stat.drop.aether_legacy.skyroot_bucket":1,"stat.useItem.minecraft.potato":2,"stat.useItem.minecraft.cooked_porkchop":9,"stat.pickup.tetra.pristine_diamond":1,"stat.drop.minecraft.beetroot_seeds":4,"stat.mineBlock.minecraft.coal_ore":19,"stat.pickup.minecraft.shield":1,"stat.talkedToVillager":56,"stat.pickup.minecraft.wooden_sword":1,"stat.mineBlock.minecraft.red_sandstone_stairs":1,"stat.pickup.minecraft.string":13,"stat.entityKilledBy.Skeleton":1,"stat.craftItem.minecraft.stone_slab2":0,"stat.pickup.minecraft.sandstone_stairs":2,"stat.useItem.minecraft.written_book":2,"stat.sprintOneCm":842496,"stat.useItem.aether_legacy.aercloud":1,"stat.entityKilledBy.myrmex_soldier":5,"stat.pickup.aether_legacy.diamond_gloves":1,"stat.craftItem.minecraft.stick":8,"stat.pickup.iceandfire.myrmex_desert_chestplate":1,"stat.pickup.aether_legacy.sentry_boots":2,"stat.pickup.mowziesmobs.barakoa_mask_fear":1,"stat.killEntity.myrmex_soldier":1,"stat.mineBlock.minecraft.quartz_block":12,"stat.useItem.aether_legacy.ambrosium_torch":5,"stat.drop":66,"stat.drop.aether_legacy.dart":2,"stat.killEntity.Sheep":4,"stat.pickup.iceandfire.silver_shovel":1,"stat.mineBlock.aether_legacy.aether_log":1,"stat.killEntity.aechor_plant":2,"stat.killEntity.Zombie":13,"stat.pickup.zoocraftdiscoveries.seed_parsley":1,"stat.craftItem.minecraft.dye":21,"stat.useItem.iceandfire.myrmex_resin_sticky":4,"stat.entityKilledBy.myrmex_royal":2,"stat.diveOneCm":45614,"stat.useItem.iceandfire.myrmex_resin":1,"stat.craftItem.minecraft.cooked_porkchop":10,"stat.useItem.minecraft.apple":9,"stat.useItem.iceandfire.silver_sword":15,"stat.drop.aether_legacy.victory_medal":2,"stat.useItem.minecraft.porkchop":5,"stat.killEntity.primitivemobs.support_creeper":1,"stat.pickup.aether_legacy.dungeon_block":21,"stat.drop.minecraft.cooked_porkchop":1,"stat.jump":5735,"stat.pickup.minecraft.iron_helmet":3,"stat.pickup.minecraft.coal":19,"stat.pickup.minecraft.iron_ingot":41,"stat.pickup.minecraft.gunpowder":1,"stat.drop.minecraft.wooden_sword":1,"stat.pickup.minecraft.spider_eye":2,"stat.killEntity.primitivemobs.goblin":2,"stat.craftItem.minecraft.iron_helmet":1,"stat.useItem.minecraft.cooked_chicken":1,"stat.pickup.minecraft.iron_ore":10,"stat.mineBlock.mca.rose_gold_ore":5,"stat.mineBlock.minecraft.iron_bars":10,"stat.pickup.minecraft.red_sandstone":7,"stat.pickup.minecraft.iron_axe":1,"stat.drop.iceandfire.myrmex_stinger":1,"stat.damageTaken":10883,"stat.pickup.minecraft.leather":3,"stat.mineBlock.iceandfire.myrmex_desert_biolight":1,"stat.mineBlock.minecraft.torch":3,"stat.pickup.minecraft.written_book":1,"stat.mineBlock.minecraft.sandstone_stairs":1,"stat.pickup.minecraft.reeds":1,"stat.entityKilledBy.ZombieVillager":1,"stat.pickup.minecraft.quartz_block":3,"stat.pickup.minecraft.potato":2,"stat.drop.zoocraftdiscoveries.seed_coriander":1,"stat.drop.thaumcraft.brain":3,"stat.damageDealt":18815,"stat.mineBlock.aether_legacy.holystone":37,"stat.drop.minecraft.cooked_chicken":3,"stat.sleepInBed":3,"stat.pickup.aether_legacy.victory_medal":12,"stat.killEntity.Pig":6,"stat.walkOneCm":1117171,"stat.useItem.minecraft.chest":2,"stat.pickup.minecraft.stick":2,"stat.pickup.minecraft.clay_ball":2,"stat.pickup.aether_legacy.aechor_petal":2,"stat.craftItem.aether_legacy.cold_parachute":2,"stat.drop.aether_legacy.holy_sword":2,"stat.mineBlock.aether_legacy.golden_oak_sapling":1,"stat.pickup.minecraft.tnt":1,"stat.craftItem.minecraft.iron_chestplate":1,"stat.pickup.zoocraftdiscoveries.seed_coriander":1,"stat.useItem.minecraft.stained_hardened_clay":2,"stat.killEntity.primitivemobs.traveling_merchant":1,"stat.mineBlock.thaumcraft.crystal_ignis":9,"stat.pickup.iceandfire.myrmex_resin_sticky":5,"stat.pickup.minecraft.cooked_beef":3,"stat.useItem.minecraft.netherrack":30,"stat.killEntity.Skeleton":5,"stat.killEntity.flying_cow":2,"stat.pickup.aether_legacy.icestone":1,"stat.killEntity.Spider":7,"stat.pickup.iceandfire.myrmex_desert_leggings":1,"stat.mineBlock.minecraft.glowstone":1,"stat.mobKills":85,"stat.pickup.minecraft.quartz":1,"stat.drop.minecraft.written_book":1,"stat.pickup.minecraft.beetroot_seeds":4,"stat.pickup.minecraft.torch":69,"stat.pickup.thaumcraft.brain":2,"stat.drop.minecraft.arrow":1,"stat.mineBlock.minecraft.stone":4}