{
  "aether_legacy:recipes/misc/saddle": {
    "criteria": {
      "has_leather": "2024-05-19 01:27:13 +0000"
    },
    "done": true
  },
  "minecraft:recipes/tools/fishing_rod": {
    "criteria": {
      "has_string": "2024-05-19 02:37:56 +0000"
    },
    "done": true
  },
  "aether_legacy:recipes/building_blocks/mossy_holystone_stairs": {
    "criteria": {
      "has_mossy_holystone": "2024-05-19 01:19:43 +0000"
    },
    "done": true
  },
  "minecraft:recipes/building_blocks/purple_wool": {
    "criteria": {
      "has_white_wool": "2024-05-19 03:22:07 +0000"
    },
    "done": true
  },
  "minecraft:recipes/redstone/lever": {
    "criteria": {
      "has_cobblestone": "2024-05-19 00:29:56 +0000"
    },
    "done": true
  },
  "minecraft:recipes/building_blocks/acacia_wooden_slab": {
    "criteria": {
      "has_planks": "2024-05-25 22:56:06 +0000"
    },
    "done": true
  },
  "minecraft:recipes/building_blocks/magenta_concrete_powder": {
    "criteria": {
      "has_sand": "2024-05-19 00:43:03 +0000"
    },
    "done": true
  },
  "aether_legacy:recipes/building_blocks/hellfire_wall": {
    "criteria": {
      "has_hellfire": "2024-05-19 01:38:44 +0000"
    },
    "done": true
  },
  "minecraft:recipes/building_blocks/pillar_quartz_block": {
    "criteria": {
      "has_quartz_block": "2024-05-21 00:35:45 +0000"
    },
    "done": true
  },
  "minecraft:recipes/combat/iron_sword": {
    "criteria": {
      "has_iron_ingot": "2024-05-19 00:29:45 +0000"
    },
    "done": true
  },
  "minecraft:recipes/redstone/observer": {
    "criteria": {
      "has_quartz": "2024-05-21 00:08:20 +0000"
    },
    "done": true
  },
  "minecraft:recipes/misc/writable_book": {
    "criteria": {
      "has_book": "2024-05-19 03:31:41 +0000"
    },
    "done": true
  },
  "minecraft:recipes/building_blocks/oak_wooden_slab": {
    "criteria": {
      "has_planks": "2024-05-19 00:36:56 +0000"
    },
    "done": true
  },
  "minecraft:recipes/redstone/spruce_door": {
    "criteria": {
      "has_planks": "2024-05-25 22:56:06 +0000"
    },
    "done": true
  },
  "minecraft:recipes/decorations/white_bed": {
    "criteria": {
      "has_white_wool": "2024-05-19 03:22:07 +0000"
    },
    "done": true
  },
  "minecraft:recipes/building_blocks/lime_concrete_powder": {
    "criteria": {
      "has_sand": "2024-05-19 00:43:03 +0000"
    },
    "done": true
  },
  "minecraft:recipes/tools/iron_pickaxe": {
    "criteria": {
      "has_iron_ingot": "2024-05-19 00:29:45 +0000"
    },
    "done": true
  },
  "minecraft:nether/root": {
    "criteria": {
      "entered_nether": "2024-05-19 02:24:42 +0000"
    },
    "done": true
  },
  "aether_legacy:recipes/building_blocks/skyroot_bookshelf": {
    "criteria": {
      "has_book": "2024-05-19 03:31:41 +0000"
    },
    "done": true
  },
  "minecraft:recipes/building_blocks/yellow_concrete_powder": {
    "criteria": {
      "has_sand": "2024-05-19 00:43:03 +0000"
    },
    "done": true
  },
  "minecraft:recipes/redstone/spruce_fence_gate": {
    "criteria": {
      "has_planks": "2024-05-25 22:56:06 +0000"
    },
    "done": true
  },
  "minecraft:recipes/combat/leather_helmet": {
    "criteria": {
      "has_leather": "2024-05-19 01:27:13 +0000"
    },
    "done": true
  },
  "minecraft:recipes/decorations/crafting_table": {
    "criteria": {
      "has_planks": "2024-05-19 00:36:56 +0000"
    },
    "done": true
  },
  "minecraft:recipes/building_blocks/magenta_wool": {
    "criteria": {
      "has_white_wool": "2024-05-19 03:22:07 +0000"
    },
    "done": true
  },
  "minecraft:recipes/building_blocks/mossy_stonebrick": {
    "criteria": {
      "has_mossy_cobblestone": "2024-05-25 23:20:26 +0000"
    },
    "done": true
  },
  "minecraft:recipes/tools/golden_hoe": {
    "criteria": {
      "has_gold_ingot": "2024-05-19 02:37:08 +0000"
    },
    "done": true
  },
  "minecraft:recipes/food/bread": {
    "criteria": {
      "has_wheat": "2024-05-23 22:36:45 +0000"
    },
    "done": true
  },
  "minecraft:recipes/redstone/trapdoor": {
    "criteria": {
      "has_planks": "2024-05-19 00:36:56 +0000"
    },
    "done": true
  },
  "iceandfire:iceandfire/root": {
    "criteria": {
      "tick": "2024-05-19 00:25:48 +0000"
    },
    "done": true
  },
  "minecraft:recipes/decorations/ladder": {
    "criteria": {
      "has_stick": "2024-05-19 00:29:55 +0000"
    },
    "done": true
  },
  "minecraft:recipes/misc/iron_nugget": {
    "criteria": {
      "has_iron_ingot": "2024-05-19 00:29:45 +0000"
    },
    "done": true
  },
  "minecraft:recipes/decorations/chest": {
    "criteria": {
      "has_lots_of_items": "2024-05-19 00:30:37 +0000"
    },
    "done": true
  },
  "minecraft:recipes/combat/golden_sword": {
    "criteria": {
      "has_gold_ingot": "2024-05-19 02:37:08 +0000"
    },
    "done": true
  },
  "minecraft:story/shiny_gear": {
    "criteria": {
      "diamond_chestplate": "2024-05-21 00:20:53 +0000"
    },
    "done": true
  },
  "minecraft:recipes/building_blocks/brown_concrete_powder": {
    "criteria": {
      "has_sand": "2024-05-19 00:43:03 +0000"
    },
    "done": true
  },
  "mowziesmobs:kill_barakoana": {
    "criteria": {
      "barakoana": "2024-05-23 23:08:55 +0000"
    },
    "done": true
  },
  "minecraft:recipes/tools/wooden_shovel": {
    "criteria": {
      "has_stick": "2024-05-19 00:29:55 +0000"
    },
    "done": true
  },
  "aether_legacy:recipes/combat/poison_dart_shooter": {
    "criteria": {
      "has_amber": "2024-05-19 01:02:01 +0000"
    },
    "done": true
  },
  "minecraft:recipes/decorations/torch": {
    "criteria": {
      "has_stone_pickaxe": "2024-05-21 00:43:51 +0000"
    },
    "done": true
  },
  "tetra:spelunking/root": {
    "criteria": {
      "spelunking": "2024-05-19 01:31:12 +0000"
    },
    "done": true
  },
  "minecraft:recipes/combat/diamond_sword": {
    "criteria": {
      "has_diamond": "2024-05-21 00:16:37 +0000"
    },
    "done": true
  },
  "aether_legacy:recipes/combat/gold_gloves": {
    "criteria": {
      "has_gold": "2024-05-19 02:37:08 +0000"
    },
    "done": true
  },
  "minecraft:recipes/building_blocks/cyan_wool": {
    "criteria": {
      "has_white_wool": "2024-05-19 03:22:07 +0000"
    },
    "done": true
  },
  "minecraft:recipes/tools/shears": {
    "criteria": {
      "has_iron_ingot": "2024-05-19 00:29:45 +0000"
    },
    "done": true
  },
  "minecraft:recipes/misc/stick": {
    "criteria": {
      "has_planks": "2024-05-19 00:36:56 +0000"
    },
    "done": true
  },
  "aether_legacy:recipes/decorations/freezer": {
    "criteria": {
      "has_stone": "2024-05-19 01:19:01 +0000"
    },
    "done": true
  },
  "minecraft:recipes/decorations/sign": {
    "criteria": {
      "has_planks": "2024-05-19 00:36:56 +0000"
    },
    "done": true
  },
  "minecraft:recipes/transportation/spruce_boat": {
    "criteria": {
      "entered_water": "2024-05-19 00:27:36 +0000"
    },
    "done": true
  },
  "minecraft:recipes/decorations/jukebox": {
    "criteria": {
      "has_diamond": "2024-05-21 00:16:37 +0000"
    },
    "done": true
  },
  "minecraft:recipes/building_blocks/diorite": {
    "criteria": {
      "has_quartz": "2024-05-21 00:08:20 +0000"
    },
    "done": true
  },
  "aether_legacy:recipes/building_blocks/skyroot_stairs": {
    "criteria": {
      "has_planks": "2024-05-19 01:07:20 +0000"
    },
    "done": true
  },
  "minecraft:recipes/misc/red_dye_from_beetroot": {
    "criteria": {
      "has_beetroot": "2024-05-21 00:33:53 +0000"
    },
    "done": true
  },
  "minecraft:recipes/redstone/dispenser": {
    "criteria": {
      "has_bow": "2024-05-19 01:34:18 +0000"
    },
    "done": true
  },
  "minecraft:recipes/misc/pink_dye_from_red_bonemeal": {
    "criteria": {
      "has_bonemeal": "2024-05-19 02:52:03 +0000"
    },
    "done": true
  },
  "minecraft:recipes/food/mushroom_stew": {
    "criteria": {
      "has_bowl": "2024-05-21 01:12:40 +0000"
    },
    "done": true
  },
  "minecraft:recipes/building_blocks/gray_wool": {
    "criteria": {
      "has_white_wool": "2024-05-19 03:22:07 +0000"
    },
    "done": true
  },
  "minecraft:recipes/food/cake": {
    "criteria": {
      "has_egg": "2024-05-21 00:31:35 +0000"
    },
    "done": true
  },
  "aether_legacy:recipes/combat/leather_gloves": {
    "criteria": {
      "has_leather": "2024-05-19 01:27:13 +0000"
    },
    "done": true
  },
  "minecraft:recipes/misc/gold_nugget": {
    "criteria": {
      "has_gold_ingot": "2024-05-19 02:37:08 +0000"
    },
    "done": true
  },
  "minecraft:recipes/combat/iron_leggings": {
    "criteria": {
      "has_iron_ingot": "2024-05-19 00:29:45 +0000"
    },
    "done": true
  },
  "minecraft:recipes/building_blocks/sandstone_stairs": {
    "criteria": {
      "has_sandstone": "2024-05-19 00:43:04 +0000"
    },
    "done": true
  },
  "minecraft:husbandry/balanced_diet": {
    "criteria": {
      "cooked_porkchop": "2024-05-19 03:38:51 +0000",
      "cooked_mutton": "2024-05-21 00:46:38 +0000",
      "cooked_beef": "2024-05-19 01:35:35 +0000",
      "baked_potato": "2024-05-19 03:23:05 +0000",
      "porkchop": "2024-05-19 01:25:52 +0000",
      "apple": "2024-05-19 02:43:43 +0000",
      "potato": "2024-05-19 03:07:21 +0000",
      "cooked_cod": "2024-05-19 03:11:49 +0000",
      "pumpkin_pie": "2024-05-21 00:25:57 +0000",
      "mutton": "2024-05-19 01:28:26 +0000",
      "bread": "2024-05-19 02:43:13 +0000",
      "beetroot": "2024-05-21 00:33:59 +0000",
      "cooked_chicken": "2024-05-19 03:18:52 +0000",
      "mushroom_stew": "2024-05-21 01:12:40 +0000"
    },
    "done": false
  },
  "minecraft:recipes/tools/wooden_hoe": {
    "criteria": {
      "has_stick": "2024-05-19 00:29:55 +0000"
    },
    "done": true
  },
  "minecraft:recipes/brewing/golden_carrot": {
    "criteria": {
      "has_gold_nugget": "2024-05-19 03:31:22 +0000"
    },
    "done": true
  },
  "minecraft:recipes/combat/shield": {
    "criteria": {
      "has_iron_ingot": "2024-05-19 00:29:45 +0000"
    },
    "done": true
  },
  "minecraft:recipes/building_blocks/cobblestone_slab": {
    "criteria": {
      "has_cobblestone": "2024-05-19 00:29:56 +0000"
    },
    "done": true
  },
  "aether_legacy:recipes/building_blocks/carved_stairs": {
    "criteria": {
      "has_carved": "2024-05-19 01:38:44 +0000"
    },
    "done": true
  },
  "minecraft:recipes/building_blocks/red_sandstone_stairs": {
    "criteria": {
      "has_red_sandstone": "2024-05-21 00:40:56 +0000"
    },
    "done": true
  },
  "minecraft:recipes/misc/bucket": {
    "criteria": {
      "has_iron_ingot": "2024-05-19 00:29:45 +0000"
    },
    "done": true
  },
  "aether_legacy:recipes/building_blocks/angelic_slab": {
    "criteria": {
      "has_angelic": "2024-05-19 01:19:23 +0000"
    },
    "done": true
  },
  "minecraft:recipes/misc/iron_ingot_from_block": {
    "criteria": {
      "has_the_recipe": "2024-05-19 00:29:45 +0000"
    },
    "done": true
  },
  "minecraft:recipes/redstone/hopper": {
    "criteria": {
      "has_iron_ingot": "2024-05-19 00:29:45 +0000"
    },
    "done": true
  },
  "aether_legacy:recipes/building_blocks/holystone_wall": {
    "criteria": {
      "has_holystone": "2024-05-19 01:19:01 +0000"
    },
    "done": true
  },
  "minecraft:recipes/building_blocks/coarse_dirt": {
    "criteria": {
      "has_gravel": "2024-05-21 01:09:10 +0000"
    },
    "done": true
  },
  "minecraft:recipes/redstone/fence_gate": {
    "criteria": {
      "has_planks": "2024-05-19 00:36:56 +0000"
    },
    "done": true
  },
  "minecraft:recipes/decorations/white_banner": {
    "criteria": {
      "has_white_wool": "2024-05-19 03:22:07 +0000"
    },
    "done": true
  },
  "aether_legacy:recipes/combat/iron_gloves": {
    "criteria": {
      "has_iron_ingot": "2024-05-19 00:29:45 +0000"
    },
    "done": true
  },
  "minecraft:recipes/building_blocks/light_gray_concrete_powder": {
    "criteria": {
      "has_sand": "2024-05-19 00:43:03 +0000"
    },
    "done": true
  },
  "minecraft:recipes/building_blocks/light_blue_concrete_powder": {
    "criteria": {
      "has_sand": "2024-05-19 00:43:03 +0000"
    },
    "done": true
  },
  "minecraft:recipes/misc/lime_dye": {
    "criteria": {
      "has_bonemeal": "2024-05-19 02:52:03 +0000"
    },
    "done": true
  },
  "minecraft:recipes/decorations/mossy_cobblestone_wall": {
    "criteria": {
      "has_mossy_cobblestone": "2024-05-25 23:20:26 +0000"
    },
    "done": true
  },
  "minecraft:recipes/combat/leather_leggings": {
    "criteria": {
      "has_leather": "2024-05-19 01:27:13 +0000"
    },
    "done": true
  },
  "minecraft:recipes/combat/iron_helmet": {
    "criteria": {
      "has_iron_ingot": "2024-05-19 00:29:45 +0000"
    },
    "done": true
  },
  "minecraft:recipes/tools/golden_shovel": {
    "criteria": {
      "has_gold_ingot": "2024-05-19 02:37:08 +0000"
    },
    "done": true
  },
  "minecraft:recipes/building_blocks/pink_concrete_powder": {
    "criteria": {
      "has_sand": "2024-05-19 00:43:03 +0000"
    },
    "done": true
  },
  "minecraft:recipes/building_blocks/sandstone_slab": {
    "criteria": {
      "has_sandstone": "2024-05-19 00:43:04 +0000"
    },
    "done": true
  },
  "minecraft:recipes/combat/bow": {
    "criteria": {
      "has_string": "2024-05-19 02:37:56 +0000"
    },
    "done": true
  },
  "minecraft:recipes/redstone/tnt": {
    "criteria": {
      "has_gunpowder": "2024-05-19 02:26:03 +0000"
    },
    "done": true
  },
  "minecraft:nether/get_wither_skull": {
    "criteria": {
      "wither_skull": "2024-05-21 01:56:11 +0000"
    },
    "done": true
  },
  "aether_legacy:recipes/building_blocks/angelic_stairs": {
    "criteria": {
      "has_angelic": "2024-05-19 01:19:23 +0000"
    },
    "done": true
  },
  "minecraft:recipes/misc/emerald": {
    "criteria": {
      "has_emerald_block": "2024-05-23 22:18:16 +0000"
    },
    "done": true
  },
  "minecraft:recipes/building_blocks/smooth_sandstone": {
    "criteria": {
      "has_sandstone": "2024-05-19 00:43:04 +0000"
    },
    "done": true
  },
  "minecraft:recipes/building_blocks/granite": {
    "criteria": {
      "has_quartz": "2024-05-21 00:08:20 +0000"
    },
    "done": true
  },
  "minecraft:recipes/building_blocks/purple_concrete_powder": {
    "criteria": {
      "has_sand": "2024-05-19 00:43:03 +0000"
    },
    "done": true
  },
  "iceandfire:iceandfire/myrmex_resin": {
    "criteria": {
      "desert": "2024-05-19 00:34:23 +0000"
    },
    "done": true
  },
  "minecraft:recipes/decorations/acacia_fence": {
    "criteria": {
      "has_planks": "2024-05-25 22:56:06 +0000"
    },
    "done": true
  },
  "minecraft:recipes/decorations/iron_bars": {
    "criteria": {
      "has_iron_ingot": "2024-05-19 00:29:45 +0000"
    },
    "done": true
  },
  "minecraft:recipes/misc/sugar": {
    "criteria": {
      "has_reeds": "2024-05-19 03:12:52 +0000"
    },
    "done": true
  },
  "minecraft:recipes/building_blocks/blue_wool": {
    "criteria": {
      "has_white_wool": "2024-05-19 03:22:07 +0000"
    },
    "done": true
  },
  "minecraft:recipes/building_blocks/gold_block": {
    "criteria": {
      "has_at_least_9_gold_ingot": "2024-05-21 00:20:53 +0000"
    },
    "done": true
  },
  "minecraft:story/obtain_armor": {
    "criteria": {
      "iron_boots": "2024-05-19 00:30:27 +0000",
      "iron_chestplate": "2024-05-19 00:30:27 +0000",
      "iron_leggings": "2024-05-19 00:30:27 +0000",
      "iron_helmet": "2024-05-19 00:30:27 +0000"
    },
    "done": true
  },
  "minecraft:recipes/redstone/comparator": {
    "criteria": {
      "has_quartz": "2024-05-21 00:08:20 +0000"
    },
    "done": true
  },
  "minecraft:recipes/combat/diamond_chestplate": {
    "criteria": {
      "has_diamond": "2024-05-21 00:16:37 +0000"
    },
    "done": true
  },
  "minecraft:story/mine_stone": {
    "criteria": {
      "get_stone": "2024-05-19 00:29:56 +0000"
    },
    "done": true
  },
  "aether_legacy:recipes/tools/holystone_pickaxe": {
    "criteria": {
      "has_holystone": "2024-05-19 01:19:01 +0000"
    },
    "done": true
  },
  "minecraft:recipes/transportation/minecart": {
    "criteria": {
      "has_iron_ingot": "2024-05-19 00:29:45 +0000"
    },
    "done": true
  },
  "minecraft:recipes/decorations/furnace": {
    "criteria": {
      "has_cobblestone": "2024-05-19 00:29:56 +0000"
    },
    "done": true
  },
  "minecraft:recipes/misc/yellow_dye_from_sunflower": {
    "criteria": {
      "has_double_plant": "2024-05-21 00:04:02 +0000"
    },
    "done": true
  },
  "iceandfire:iceandfire/dragonsteel_weapon": {
    "criteria": {
      "fire_sword": "2024-05-23 22:37:48 +0000"
    },
    "done": true
  },
  "minecraft:recipes/food/beetroot_soup": {
    "criteria": {
      "has_beetroot": "2024-05-21 00:33:53 +0000"
    },
    "done": true
  },
  "minecraft:recipes/combat/diamond_leggings": {
    "criteria": {
      "has_diamond": "2024-05-21 00:16:37 +0000"
    },
    "done": true
  },
  "minecraft:recipes/decorations/armor_stand": {
    "criteria": {
      "has_stone_slab": "2024-05-23 22:15:16 +0000"
    },
    "done": true
  },
  "minecraft:adventure/sleep_in_bed": {
    "criteria": {
      "slept_in_bed": "2024-05-19 00:27:04 +0000"
    },
    "done": true
  },
  "minecraft:recipes/building_blocks/sandstone": {
    "criteria": {
      "has_sand": "2024-05-19 00:43:03 +0000"
    },
    "done": true
  },
  "minecraft:recipes/building_blocks/orange_wool": {
    "criteria": {
      "has_white_wool": "2024-05-19 03:22:07 +0000"
    },
    "done": true
  },
  "minecraft:recipes/tools/iron_hoe": {
    "criteria": {
      "has_iron_ingot": "2024-05-19 00:29:45 +0000"
    },
    "done": true
  },
  "minecraft:recipes/tools/wooden_pickaxe": {
    "criteria": {
      "has_stick": "2024-05-19 00:29:55 +0000"
    },
    "done": true
  },
  "minecraft:husbandry/root": {
    "criteria": {
      "consumed_item": "2024-05-19 01:25:52 +0000"
    },
    "done": true
  },
  "minecraft:recipes/building_blocks/stone_brick_slab": {
    "criteria": {
      "has_stonebrick": "2024-05-21 00:07:18 +0000"
    },
    "done": true
  },
  "minecraft:recipes/transportation/birch_boat": {
    "criteria": {
      "entered_water": "2024-05-19 00:27:36 +0000"
    },
    "done": true
  },
  "minecraft:recipes/food/golden_apple": {
    "criteria": {
      "has_gold_ingot": "2024-05-19 02:37:08 +0000"
    },
    "done": true
  },
  "minecraft:recipes/building_blocks/oak_stairs": {
    "criteria": {
      "has_planks": "2024-05-19 00:36:56 +0000"
    },
    "done": true
  },
  "minecraft:recipes/building_blocks/quartz_stairs": {
    "criteria": {
      "has_quartz_block": "2024-05-21 00:35:45 +0000"
    },
    "done": true
  },
  "minecraft:recipes/building_blocks/green_concrete_powder": {
    "criteria": {
      "has_sand": "2024-05-19 00:43:03 +0000"
    },
    "done": true
  },
  "aether_legacy:recipes/combat/holystone_sword": {
    "criteria": {
      "has_stone": "2024-05-19 01:19:01 +0000"
    },
    "done": true
  },
  "minecraft:recipes/misc/light_gray_dye_from_ink_bonemeal": {
    "criteria": {
      "has_bonemeal": "2024-05-19 02:52:03 +0000"
    },
    "done": true
  },
  "minecraft:recipes/transportation/acacia_boat": {
    "criteria": {
      "entered_water": "2024-05-19 00:27:36 +0000"
    },
    "done": true
  },
  "minecraft:recipes/tools/iron_shovel": {
    "criteria": {
      "has_iron_ingot": "2024-05-19 00:29:45 +0000"
    },
    "done": true
  },
  "minecraft:recipes/redstone/iron_trapdoor": {
    "criteria": {
      "has_iron_ingot": "2024-05-19 00:29:45 +0000"
    },
    "done": true
  },
  "minecraft:recipes/redstone/acacia_door": {
    "criteria": {
      "has_planks": "2024-05-25 22:56:06 +0000"
    },
    "done": true
  },
  "minecraft:adventure/root": {
    "criteria": {
      "killed_by_something": "2024-05-19 00:28:56 +0000"
    },
    "done": true
  },
  "minecraft:recipes/building_blocks/white_concrete_powder": {
    "criteria": {
      "has_sand": "2024-05-19 00:43:03 +0000"
    },
    "done": true
  },
  "minecraft:recipes/decorations/item_frame": {
    "criteria": {
      "has_leather": "2024-05-19 01:27:13 +0000"
    },
    "done": true
  },
  "minecraft:recipes/decorations/jungle_fence": {
    "criteria": {
      "has_planks": "2024-05-25 22:56:06 +0000"
    },
    "done": true
  },
  "aether_legacy:recipes/tools/zanite_pickaxe": {
    "criteria": {
      "has_zanite_gemstone": "2024-05-21 00:22:12 +0000"
    },
    "done": true
  },
  "minecraft:recipes/tools/stone_hoe": {
    "criteria": {
      "has_cobblestone": "2024-05-19 00:29:56 +0000"
    },
    "done": true
  },
  "minecraft:recipes/decorations/spruce_fence": {
    "criteria": {
      "has_planks": "2024-05-25 22:56:06 +0000"
    },
    "done": true
  },
  "minecraft:recipes/tools/diamond_pickaxe": {
    "criteria": {
      "has_diamond": "2024-05-21 00:16:37 +0000"
    },
    "done": true
  },
  "minecraft:recipes/tools/diamond_hoe": {
    "criteria": {
      "has_diamond": "2024-05-21 00:16:37 +0000"
    },
    "done": true
  },
  "minecraft:recipes/combat/spectral_arrow": {
    "criteria": {
      "has_glowstone_dust": "2024-05-19 01:06:06 +0000"
    },
    "done": true
  },
  "aether_legacy:recipes/building_blocks/angelic_wall": {
    "criteria": {
      "has_angelic": "2024-05-19 01:19:23 +0000"
    },
    "done": true
  },
  "aether_legacy:recipes/tools/iron_pendant": {
    "criteria": {
      "has_iron": "2024-05-19 00:29:45 +0000"
    },
    "done": true
  },
  "minecraft:adventure/kill_all_mobs": {
    "criteria": {
      "zombie_villager": "2024-05-19 02:36:59 +0000",
      "skeleton": "2024-05-19 02:36:48 +0000",
      "husk": "2024-05-19 02:38:19 +0000",
      "zombie": "2024-05-19 02:37:00 +0000",
      "cave_spider": "2024-05-23 22:15:11 +0000",
      "spider": "2024-05-19 02:37:36 +0000",
      "enderman": "2024-05-23 22:54:29 +0000"
    },
    "done": false
  },
  "minecraft:recipes/tools/diamond_shovel": {
    "criteria": {
      "has_diamond": "2024-05-21 00:16:37 +0000"
    },
    "done": true
  },
  "minecraft:story/enter_the_nether": {
    "criteria": {
      "entered_nether": "2024-05-19 02:24:42 +0000"
    },
    "done": true
  },
  "minecraft:recipes/misc/ender_eye": {
    "criteria": {
      "has_blaze_powder": "2024-05-19 02:26:26 +0000"
    },
    "done": true
  },
  "aether_legacy:recipes/misc/skyroot_stick": {
    "criteria": {
      "has_planks": "2024-05-19 01:07:20 +0000"
    },
    "done": true
  },
  "aether_legacy:recipes/tools/holystone_shovel": {
    "criteria": {
      "has_holystone": "2024-05-19 01:19:01 +0000"
    },
    "done": true
  },
  "aether_legacy:recipes/tools/zanite_ring": {
    "criteria": {
      "has_zanite_gemstone": "2024-05-21 00:22:12 +0000"
    },
    "done": true
  },
  "minecraft:recipes/decorations/white_carpet": {
    "criteria": {
      "has_white_wool": "2024-05-19 03:22:07 +0000"
    },
    "done": true
  },
  "aether_legacy:recipes/combat/diamond_gloves": {
    "criteria": {
      "has_diamond": "2024-05-21 00:16:37 +0000"
    },
    "done": true
  },
  "minecraft:recipes/building_blocks/spruce_stairs": {
    "criteria": {
      "has_planks": "2024-05-25 22:56:06 +0000"
    },
    "done": true
  },
  "minecraft:recipes/building_blocks/red_sandstone_slab": {
    "criteria": {
      "has_red_sandstone": "2024-05-21 00:40:56 +0000"
    },
    "done": true
  },
  "aether_legacy:recipes/building_blocks/mossy_holystone_slab": {
    "criteria": {
      "has_mossy_holystone": "2024-05-19 01:19:43 +0000"
    },
    "done": true
  },
  "iceandfire:iceandfire/kill_myrmex": {
    "criteria": {
      "desert": "2024-05-19 00:27:30 +0000"
    },
    "done": true
  },
  "minecraft:recipes/redstone/birch_door": {
    "criteria": {
      "has_planks": "2024-05-25 22:56:06 +0000"
    },
    "done": true
  },
  "aether_legacy:recipes/building_blocks/hellfire_stairs": {
    "criteria": {
      "has_hellfire": "2024-05-19 01:38:44 +0000"
    },
    "done": true
  },
  "minecraft:recipes/misc/gold_ingot_from_nuggets": {
    "criteria": {
      "has_at_least_9_gold_nugget": "2024-05-19 03:31:22 +0000"
    },
    "done": true
  },
  "aether_legacy:recipes/misc/cold_parachute": {
    "criteria": {
      "has_cloud": "2024-05-19 02:00:48 +0000"
    },
    "done": true
  },
  "aether_legacy:recipes/tools/gold_pendant": {
    "criteria": {
      "has_gold": "2024-05-19 02:37:08 +0000"
    },
    "done": true
  },
  "minecraft:story/mine_diamond": {
    "criteria": {
      "diamond": "2024-05-21 00:16:37 +0000"
    },
    "done": true
  },
  "minecraft:story/upgrade_tools": {
    "criteria": {
      "stone_pickaxe": "2024-05-21 00:43:51 +0000"
    },
    "done": true
  },
  "minecraft:recipes/combat/diamond_helmet": {
    "criteria": {
      "has_diamond": "2024-05-21 00:16:37 +0000"
    },
    "done": true
  },
  "aether_legacy:recipes/tools/iron_ring": {
    "criteria": {
      "has_iron": "2024-05-19 00:29:45 +0000"
    },
    "done": true
  },
  "aether_legacy:enter_aether": {
    "criteria": {
      "enter_aether": "2024-05-19 00:58:05 +0000"
    },
    "done": true
  },
  "mowziesmobs:sneak_village": {
    "criteria": {
      "steal_crystal": "2024-05-19 03:46:17 +0000"
    },
    "done": true
  },
  "aether_legacy:recipes/tools/zanite_pendant": {
    "criteria": {
      "has_zanite_gemstone": "2024-05-21 00:22:12 +0000"
    },
    "done": true
  },
  "minecraft:recipes/decorations/birch_fence": {
    "criteria": {
      "has_planks": "2024-05-25 22:56:06 +0000"
    },
    "done": true
  },
  "minecraft:recipes/building_blocks/orange_concrete_powder": {
    "criteria": {
      "has_sand": "2024-05-19 00:43:03 +0000"
    },
    "done": true
  },
  "minecraft:recipes/building_blocks/cyan_concrete_powder": {
    "criteria": {
      "has_sand": "2024-05-19 00:43:03 +0000"
    },
    "done": true
  },
  "minecraft:recipes/misc/gold_ingot_from_block": {
    "criteria": {
      "has_the_recipe": "2024-05-21 00:20:53 +0000"
    },
    "done": true
  },
  "minecraft:recipes/building_blocks/stone_brick_stairs": {
    "criteria": {
      "has_stonebrick": "2024-05-21 00:07:18 +0000"
    },
    "done": true
  },
  "minecraft:recipes/combat/golden_boots": {
    "criteria": {
      "has_gold_ingot": "2024-05-19 02:37:08 +0000"
    },
    "done": true
  },
  "aether_legacy:recipes/misc/book_of_lore": {
    "criteria": {
      "has_book": "2024-05-19 03:31:41 +0000"
    },
    "done": true
  },
  "minecraft:recipes/tools/wooden_axe": {
    "criteria": {
      "has_stick": "2024-05-19 00:29:55 +0000"
    },
    "done": true
  },
  "aether_legacy:recipes/building_blocks/holystone_stairs": {
    "criteria": {
      "has_holystone": "2024-05-19 01:19:01 +0000"
    },
    "done": true
  },
  "aether_legacy:recipes/tools/zanite_shovel": {
    "criteria": {
      "has_zanite_gemstone": "2024-05-21 00:22:12 +0000"
    },
    "done": true
  },
  "aether_legacy:recipes/combat/zanite_sword": {
    "criteria": {
      "has_zanite": "2024-05-21 00:22:12 +0000"
    },
    "done": true
  },
  "minecraft:recipes/building_blocks/lime_wool": {
    "criteria": {
      "has_white_wool": "2024-05-19 03:22:07 +0000"
    },
    "done": true
  },
  "aether_legacy:recipes/building_blocks/carved_wall": {
    "criteria": {
      "has_carved": "2024-05-19 01:38:44 +0000"
    },
    "done": true
  },
  "minecraft:recipes/misc/paper": {
    "criteria": {
      "has_reeds": "2024-05-19 03:12:52 +0000"
    },
    "done": true
  },
  "minecraft:recipes/misc/magenta_dye_from_lapis_ink_bonemeal": {
    "criteria": {
      "has_bonemeal": "2024-05-19 02:52:03 +0000"
    },
    "done": true
  },
  "minecraft:recipes/building_blocks/black_wool": {
    "criteria": {
      "has_white_wool": "2024-05-19 03:22:07 +0000"
    },
    "done": true
  },
  "minecraft:recipes/misc/pink_dye_from_peony": {
    "criteria": {
      "has_double_plant": "2024-05-25 23:32:20 +0000"
    },
    "done": true
  },
  "minecraft:recipes/combat/golden_chestplate": {
    "criteria": {
      "has_gold_ingot": "2024-05-19 02:37:08 +0000"
    },
    "done": true
  },
  "minecraft:recipes/misc/light_blue_dye_from_lapis_bonemeal": {
    "criteria": {
      "has_bonemeal": "2024-05-19 02:52:03 +0000"
    },
    "done": true
  },
  "minecraft:recipes/building_blocks/green_wool": {
    "criteria": {
      "has_white_wool": "2024-05-19 03:22:07 +0000"
    },
    "done": true
  },
  "minecraft:recipes/tools/diamond_axe": {
    "criteria": {
      "has_diamond": "2024-05-21 00:16:37 +0000"
    },
    "done": true
  },
  "aether_legacy:to_infinity_and_beyond": {
    "criteria": {
      "enter_aether": "2024-05-19 01:57:20 +0000"
    },
    "done": true
  },
  "minecraft:recipes/building_blocks/brown_wool": {
    "criteria": {
      "has_white_wool": "2024-05-19 03:22:07 +0000"
    },
    "done": true
  },
  "minecraft:recipes/misc/light_gray_dye_from_gray_bonemeal": {
    "criteria": {
      "has_bonemeal": "2024-05-19 02:52:03 +0000"
    },
    "done": true
  },
  "aether_legacy:recipes/decorations/enchanter": {
    "criteria": {
      "has_stone": "2024-05-19 01:19:01 +0000"
    },
    "done": true
  },
  "minecraft:recipes/building_blocks/iron_block": {
    "criteria": {
      "has_at_least_9_iron_ingot": "2024-05-19 00:29:45 +0000"
    },
    "done": true
  },
  "minecraft:recipes/decorations/painting": {
    "criteria": {
      "has_wool": "2024-05-19 03:22:07 +0000"
    },
    "done": true
  },
  "minecraft:recipes/building_blocks/quartz_slab": {
    "criteria": {
      "has_quartz_block": "2024-05-21 00:35:45 +0000"
    },
    "done": true
  },
  "aether_legacy:recipes/tools/zanite_axe": {
    "criteria": {
      "has_zanite_gemstone": "2024-05-21 00:22:12 +0000"
    },
    "done": true
  },
  "minecraft:recipes/redstone/wooden_pressure_plate": {
    "criteria": {
      "has_planks": "2024-05-19 00:36:56 +0000"
    },
    "done": true
  },
  "aether_legacy:recipes/combat/zanite_chestplate": {
    "criteria": {
      "has_zanite_gemstone": "2024-05-21 00:22:12 +0000"
    },
    "done": true
  },
  "minecraft:recipes/combat/arrow": {
    "criteria": {
      "has_feather": "2024-05-19 01:25:09 +0000"
    },
    "done": true
  },
  "minecraft:recipes/building_blocks/stone_slab": {
    "criteria": {
      "has_stone": "2024-05-21 00:43:51 +0000"
    },
    "done": true
  },
  "minecraft:recipes/redstone/acacia_fence_gate": {
    "criteria": {
      "has_planks": "2024-05-25 22:56:06 +0000"
    },
    "done": true
  },
  "minecraft:recipes/building_blocks/coal_block": {
    "criteria": {
      "has_at_least_9_coal": "2024-05-21 00:09:05 +0000"
    },
    "done": true
  },
  "mowziesmobs:root": {
    "criteria": {
      "custom_test_name": "2024-05-19 00:25:48 +0000"
    },
    "done": true
  },
  "minecraft:recipes/building_blocks/clay": {
    "criteria": {
      "has_clay_ball": "2024-05-19 02:45:37 +0000"
    },
    "done": true
  },
  "minecraft:recipes/redstone/light_weighted_pressure_plate": {
    "criteria": {
      "has_gold_ingot": "2024-05-19 02:37:08 +0000"
    },
    "done": true
  },
  "minecraft:story/deflect_arrow": {
    "criteria": {
      "deflected_projectile": "2024-05-19 02:40:16 +0000"
    },
    "done": true
  },
  "minecraft:recipes/building_blocks/light_blue_wool": {
    "criteria": {
      "has_white_wool": "2024-05-19 03:22:07 +0000"
    },
    "done": true
  },
  "minecraft:recipes/combat/wooden_sword": {
    "criteria": {
      "has_stick": "2024-05-19 00:29:55 +0000"
    },
    "done": true
  },
  "minecraft:recipes/tools/stone_shovel": {
    "criteria": {
      "has_cobblestone": "2024-05-19 00:29:56 +0000"
    },
    "done": true
  },
  "minecraft:recipes/redstone/wooden_button": {
    "criteria": {
      "has_planks": "2024-05-19 00:36:56 +0000"
    },
    "done": true
  },
  "minecraft:recipes/building_blocks/oak_planks": {
    "criteria": {
      "has_log": "2024-05-19 00:36:24 +0000"
    },
    "done": true
  },
  "minecraft:recipes/building_blocks/blue_concrete_powder": {
    "criteria": {
      "has_sand": "2024-05-19 00:43:03 +0000"
    },
    "done": true
  },
  "aether_legacy:recipes/misc/white_cape": {
    "criteria": {
      "has_white_wool": "2024-05-19 03:22:07 +0000"
    },
    "done": true
  },
  "minecraft:recipes/building_blocks/gray_concrete_powder": {
    "criteria": {
      "has_sand": "2024-05-19 00:43:03 +0000"
    },
    "done": true
  },
  "minecraft:recipes/building_blocks/bookshelf": {
    "criteria": {
      "has_book": "2024-05-19 03:31:41 +0000"
    },
    "done": true
  },
  "minecraft:recipes/decorations/fence": {
    "criteria": {
      "has_planks": "2024-05-19 00:36:56 +0000"
    },
    "done": true
  },
  "minecraft:recipes/tools/golden_axe": {
    "criteria": {
      "has_gold_ingot": "2024-05-19 02:37:08 +0000"
    },
    "done": true
  },
  "aether_legacy:recipes/combat/zanite_leggings": {
    "criteria": {
      "has_zanite_gemstone": "2024-05-21 00:22:12 +0000"
    },
    "done": true
  },
  "minecraft:recipes/tools/iron_axe": {
    "criteria": {
      "has_iron_ingot": "2024-05-19 00:29:45 +0000"
    },
    "done": true
  },
  "aether_legacy:recipes/decorations/skyroot_bed": {
    "criteria": {
      "has_planks": "2024-05-19 01:07:20 +0000"
    },
    "done": true
  },
  "minecraft:recipes/building_blocks/glowstone": {
    "criteria": {
      "has_glowstone_dust": "2024-05-19 01:06:06 +0000"
    },
    "done": true
  },
  "minecraft:recipes/building_blocks/andesite": {
    "criteria": {
      "has_stone": "2024-05-25 22:34:10 +0000"
    },
    "done": true
  },
  "minecraft:recipes/combat/golden_helmet": {
    "criteria": {
      "has_gold_ingot": "2024-05-19 02:37:08 +0000"
    },
    "done": true
  },
  "minecraft:recipes/redstone/tripwire_hook": {
    "criteria": {
      "has_string": "2024-05-19 02:37:56 +0000"
    },
    "done": true
  },
  "minecraft:recipes/combat/iron_boots": {
    "criteria": {
      "has_iron_ingot": "2024-05-19 00:29:45 +0000"
    },
    "done": true
  },
  "minecraft:recipes/building_blocks/jungle_wooden_slab": {
    "criteria": {
      "has_planks": "2024-05-25 22:56:06 +0000"
    },
    "done": true
  },
  "minecraft:recipes/building_blocks/chiseled_quartz_block": {
    "criteria": {
      "has_quartz_block": "2024-05-21 00:35:45 +0000"
    },
    "done": true
  },
  "minecraft:recipes/misc/bone_meal_from_bone": {
    "criteria": {
      "has_bone": "2024-05-19 01:02:01 +0000"
    },
    "done": true
  },
  "minecraft:recipes/building_blocks/black_concrete_powder": {
    "criteria": {
      "has_sand": "2024-05-19 00:43:03 +0000"
    },
    "done": true
  },
  "minecraft:recipes/building_blocks/smooth_red_sandstone": {
    "criteria": {
      "has_red_sandstone": "2024-05-21 00:40:56 +0000"
    },
    "done": true
  },
  "minecraft:story/iron_tools": {
    "criteria": {
      "iron_pickaxe": "2024-05-19 00:37:16 +0000"
    },
    "done": true
  },
  "minecraft:recipes/building_blocks/spruce_wooden_slab": {
    "criteria": {
      "has_planks": "2024-05-25 22:56:06 +0000"
    },
    "done": true
  },
  "minecraft:recipes/redstone/birch_fence_gate": {
    "criteria": {
      "has_planks": "2024-05-25 22:56:06 +0000"
    },
    "done": true
  },
  "aether_legacy:recipes/tools/holystone_axe": {
    "criteria": {
      "has_holystone": "2024-05-19 01:19:01 +0000"
    },
    "done": true
  },
  "aether_legacy:recipes/building_blocks/mossy_holystone_wall": {
    "criteria": {
      "has_mossy_holystone": "2024-05-19 01:19:43 +0000"
    },
    "done": true
  },
  "minecraft:story/root": {
    "criteria": {
      "crafting_table": "2024-05-25 22:56:46 +0000"
    },
    "done": true
  },
  "minecraft:recipes/redstone/stone_button": {
    "criteria": {
      "has_stone": "2024-05-21 00:43:51 +0000"
    },
    "done": true
  },
  "minecraft:recipes/combat/iron_chestplate": {
    "criteria": {
      "has_iron_ingot": "2024-05-19 00:29:45 +0000"
    },
    "done": true
  },
  "aether_legacy:recipes/decorations/skyroot_fence_gate": {
    "criteria": {
      "has_planks": "2024-05-19 01:07:20 +0000"
    },
    "done": true
  },
  "minecraft:recipes/building_blocks/yellow_wool": {
    "criteria": {
      "has_white_wool": "2024-05-19 03:22:07 +0000"
    },
    "done": true
  },
  "minecraft:recipes/misc/coal": {
    "criteria": {
      "has_the_recipe": "2024-05-21 00:09:05 +0000"
    },
    "done": true
  },
  "aether_legacy:recipes/building_blocks/holystone_brick": {
    "criteria": {
      "has_stone": "2024-05-19 01:19:01 +0000"
    },
    "done": true
  },
  "minecraft:recipes/building_blocks/red_concrete_powder": {
    "criteria": {
      "has_sand": "2024-05-19 00:43:03 +0000"
    },
    "done": true
  },
  "minecraft:recipes/building_blocks/string_to_wool": {
    "criteria": {
      "has_string": "2024-05-19 02:37:56 +0000"
    },
    "done": true
  },
  "minecraft:recipes/combat/leather_chestplate": {
    "criteria": {
      "has_leather": "2024-05-19 01:27:13 +0000"
    },
    "done": true
  },
  "minecraft:adventure/kill_a_mob": {
    "criteria": {
      "skeleton": "2024-05-19 02:36:48 +0000"
    },
    "done": true
  },
  "minecraft:recipes/tools/golden_pickaxe": {
    "criteria": {
      "has_gold_ingot": "2024-05-19 02:37:08 +0000"
    },
    "done": true
  },
  "aether_legacy:recipes/building_blocks/skyroot_slab": {
    "criteria": {
      "has_planks": "2024-05-19 01:07:20 +0000"
    },
    "done": true
  },
  "aether_legacy:recipes/tools/gold_ring": {
    "criteria": {
      "has_gold": "2024-05-19 02:37:08 +0000"
    },
    "done": true
  },
  "minecraft:recipes/building_blocks/polished_andesite": {
    "criteria": {
      "has_stone": "2024-05-21 00:04:37 +0000"
    },
    "done": true
  },
  "minecraft:recipes/building_blocks/quartz_block": {
    "criteria": {
      "has_quartz": "2024-05-21 00:08:20 +0000"
    },
    "done": true
  },
  "minecraft:recipes/brewing/magma_cream": {
    "criteria": {
      "has_blaze_powder": "2024-05-19 02:26:26 +0000"
    },
    "done": true
  },
  "aether_legacy:recipes/combat/poison_dart": {
    "criteria": {
      "has_dart": "2024-05-19 01:00:06 +0000"
    },
    "done": true
  },
  "minecraft:recipes/misc/gray_dye": {
    "criteria": {
      "has_bonemeal": "2024-05-19 02:52:03 +0000"
    },
    "done": true
  },
  "minecraft:adventure/adventuring_time": {
    "criteria": {
      "forest": "2024-05-19 00:36:13 +0000",
      "swampland": "2024-05-25 23:21:56 +0000",
      "birch_forest": "2024-05-25 23:16:29 +0000",
      "deep_ocean": "2024-05-25 22:42:48 +0000",
      "beaches": "2024-05-19 03:47:14 +0000",
      "desert_hills": "2024-05-19 00:26:37 +0000",
      "forest_hills": "2024-05-25 23:24:41 +0000",
      "plains": "2024-05-19 00:25:48 +0000",
      "savanna": "2024-05-19 03:20:17 +0000",
      "savanna_rock": "2024-05-19 03:22:30 +0000",
      "redwood_taiga": "2024-05-25 23:12:44 +0000",
      "taiga": "2024-05-25 23:09:52 +0000",
      "redwood_taiga_hills": "2024-05-25 23:13:21 +0000",
      "ocean": "2024-05-19 03:47:39 +0000",
      "extreme_hills": "2024-05-19 00:26:28 +0000",
      "river": "2024-05-19 02:18:34 +0000",
      "desert": "2024-05-19 00:36:10 +0000"
    },
    "done": false
  },
  "minecraft:recipes/redstone/iron_door": {
    "criteria": {
      "has_iron_ingot": "2024-05-19 00:29:45 +0000"
    },
    "done": true
  },
  "aether_legacy:recipes/building_blocks/carved_slab": {
    "criteria": {
      "has_carved": "2024-05-19 01:38:44 +0000"
    },
    "done": true
  },
  "minecraft:recipes/misc/book": {
    "criteria": {
      "has_paper": "2024-05-19 02:56:41 +0000"
    },
    "done": true
  },
  "minecraft:recipes/building_blocks/birch_wooden_slab": {
    "criteria": {
      "has_planks": "2024-05-25 22:56:06 +0000"
    },
    "done": true
  },
  "minecraft:recipes/combat/stone_sword": {
    "criteria": {
      "has_cobblestone": "2024-05-19 00:29:56 +0000"
    },
    "done": true
  },
  "minecraft:recipes/decorations/cobblestone_wall": {
    "criteria": {
      "has_cobblestone": "2024-05-19 00:29:56 +0000"
    },
    "done": true
  },
  "minecraft:recipes/brewing/fermented_spider_eye": {
    "criteria": {
      "has_spider_eye": "2024-05-19 02:37:37 +0000"
    },
    "done": true
  },
  "minecraft:recipes/tools/stone_pickaxe": {
    "criteria": {
      "has_cobblestone": "2024-05-19 00:29:56 +0000"
    },
    "done": true
  },
  "aether_legacy:recipes/combat/zanite_helmet": {
    "criteria": {
      "has_zanite_gemstone": "2024-05-21 00:22:12 +0000"
    },
    "done": true
  },
  "aether_legacy:recipes/combat/zanite_gloves": {
    "criteria": {
      "has_zanite_gemstone": "2024-05-21 00:22:12 +0000"
    },
    "done": true
  },
  "minecraft:recipes/redstone/stone_pressure_plate": {
    "criteria": {
      "has_stone": "2024-05-21 00:43:51 +0000"
    },
    "done": true
  },
  "minecraft:recipes/transportation/boat": {
    "criteria": {
      "entered_water": "2024-05-19 00:27:36 +0000"
    },
    "done": true
  },
  "minecraft:recipes/combat/leather_boots": {
    "criteria": {
      "has_leather": "2024-05-19 01:27:13 +0000"
    },
    "done": true
  },
  "minecraft:recipes/transportation/jungle_boat": {
    "criteria": {
      "entered_water": "2024-05-19 00:27:36 +0000"
    },
    "done": true
  },
  "aether_legacy:recipes/building_blocks/hellfire_slab": {
    "criteria": {
      "has_hellfire": "2024-05-19 01:38:44 +0000"
    },
    "done": true
  },
  "minecraft:recipes/building_blocks/birch_stairs": {
    "criteria": {
      "has_planks": "2024-05-25 22:56:06 +0000"
    },
    "done": true
  },
  "minecraft:recipes/building_blocks/jungle_stairs": {
    "criteria": {
      "has_planks": "2024-05-25 22:56:06 +0000"
    },
    "done": true
  },
  "minecraft:recipes/redstone/heavy_weighted_pressure_plate": {
    "criteria": {
      "has_iron_ingot": "2024-05-19 00:29:45 +0000"
    },
    "done": true
  },
  "aether_legacy:recipes/decorations/skyroot_fence": {
    "criteria": {
      "has_planks": "2024-05-19 01:07:20 +0000"
    },
    "done": true
  },
  "aether_legacy:recipes/combat/zanite_boots": {
    "criteria": {
      "has_zanite_gemstone": "2024-05-21 00:22:12 +0000"
    },
    "done": true
  },
  "minecraft:recipes/transportation/dark_oak_boat": {
    "criteria": {
      "entered_water": "2024-05-19 00:27:36 +0000"
    },
    "done": true
  },
  "minecraft:recipes/redstone/daylight_detector": {
    "criteria": {
      "has_quartz": "2024-05-21 00:08:20 +0000"
    },
    "done": true
  },
  "minecraft:recipes/transportation/carrot_on_a_stick": {
    "criteria": {
      "has_carrot": "2024-05-21 00:39:39 +0000"
    },
    "done": true
  },
  "minecraft:recipes/building_blocks/pink_wool": {
    "criteria": {
      "has_white_wool": "2024-05-19 03:22:07 +0000"
    },
    "done": true
  },
  "minecraft:recipes/redstone/jungle_door": {
    "criteria": {
      "has_planks": "2024-05-25 22:56:06 +0000"
    },
    "done": true
  },
  "minecraft:recipes/building_blocks/polished_granite": {
    "criteria": {
      "has_stone": "2024-05-23 22:51:49 +0000"
    },
    "done": true
  },
  "minecraft:recipes/redstone/jungle_fence_gate": {
    "criteria": {
      "has_planks": "2024-05-25 22:56:06 +0000"
    },
    "done": true
  },
  "minecraft:recipes/building_blocks/stonebrick": {
    "criteria": {
      "has_stone": "2024-05-21 00:43:51 +0000"
    },
    "done": true
  },
  "minecraft:recipes/combat/golden_leggings": {
    "criteria": {
      "has_gold_ingot": "2024-05-19 02:37:08 +0000"
    },
    "done": true
  },
  "minecraft:recipes/building_blocks/stone_stairs": {
    "criteria": {
      "has_cobblestone": "2024-05-19 00:29:56 +0000"
    },
    "done": true
  },
  "minecraft:recipes/building_blocks/chiseled_red_sandstone": {
    "criteria": {
      "has_red_sandstone": "2024-05-21 00:40:56 +0000"
    },
    "done": true
  },
  "minecraft:recipes/misc/diamond": {
    "criteria": {
      "has_diamond_block": "2024-05-21 01:55:03 +0000"
    },
    "done": true
  },
  "minecraft:recipes/misc/bone_meal_from_block": {
    "criteria": {
      "has_the_recipe": "2024-05-19 03:02:43 +0000"
    },
    "done": true
  },
  "minecraft:recipes/combat/diamond_boots": {
    "criteria": {
      "has_diamond": "2024-05-21 00:16:37 +0000"
    },
    "done": true
  },
  "minecraft:recipes/building_blocks/polished_diorite": {
    "criteria": {
      "has_stone": "2024-05-25 22:34:10 +0000"
    },
    "done": true
  },
  "minecraft:recipes/building_blocks/light_gray_wool": {
    "criteria": {
      "has_white_wool": "2024-05-19 03:22:07 +0000"
    },
    "done": true
  },
  "minecraft:recipes/building_blocks/red_wool": {
    "criteria": {
      "has_white_wool": "2024-05-19 03:22:07 +0000"
    },
    "done": true
  },
  "minecraft:recipes/building_blocks/acacia_stairs": {
    "criteria": {
      "has_planks": "2024-05-25 22:56:06 +0000"
    },
    "done": true
  },
  "minecraft:story/smelt_iron": {
    "criteria": {
      "iron": "2024-05-19 00:29:45 +0000"
    },
    "done": true
  },
  "minecraft:recipes/tools/stone_axe": {
    "criteria": {
      "has_cobblestone": "2024-05-19 00:29:56 +0000"
    },
    "done": true
  },
  "aether_legacy:recipes/building_blocks/holystone_slab": {
    "criteria": {
      "has_holystone": "2024-05-19 01:19:01 +0000"
    },
    "done": true
  },
  "minecraft:recipes/misc/fire_charge": {
    "criteria": {
      "has_blaze_powder": "2024-05-19 02:26:26 +0000"
    },
    "done": true
  },
  "minecraft:recipes/redstone/wooden_door": {
    "criteria": {
      "has_planks": "2024-05-19 00:36:56 +0000"
    },
    "done": true
  },
  "minecraft:recipes/building_blocks/chiseled_stonebrick": {
    "criteria": {
      "has_stonebrick": "2024-05-21 00:07:18 +0000"
    },
    "done": true
  },
  "aether_legacy:recipes/decorations/incubator": {
    "criteria": {
      "has_stone": "2024-05-19 01:19:01 +0000"
    },
    "done": true
  },
  "minecraft:recipes/building_blocks/bone_block": {
    "criteria": {
      "has_at_least_9_bonemeal": "2024-05-19 03:02:43 +0000"
    },
    "done": true
  }
}